country,year,suicide_rate,psychiatrists_per_100k,mh_units_gen_hospitals,govt_mh_expenditure_pct,alcohol_consumption_L,govt_health_exp_pct_gdp
ABW,2000,,,,,7.63312195,
ABW,2001,,,,,7.63312195,
ABW,2002,,,,,7.599015815,
ABW,2003,,,,,7.265760104,
ABW,2004,,,,,7.025255801,
ABW,2005,,,,,6.694125514,
ABW,2006,,,,,6.809284088,
ABW,2007,,,,,6.835783041,
ABW,2008,,,,,6.916362615,
ABW,2009,,,,,6.793108523,
ABW,2010,,,,,8.400006725,
ABW,2011,,,,,10.008723159,
ABW,2012,,,,,11.745990705,
ABW,2013,,,,,11.793929338,
ABW,2014,,,,,11.782093816,
ABW,2015,,,,,11.838488118,
ABW,2016,,,,,12.136194253,
ABW,2017,,,,,12.740862073,
ABW,2018,,,,,13.484068229,
ABW,2019,,,,,12.834734628,
ABW,2020,,,,,12.234972212,
ABW,2021,,,,,11.578303343,
ABW,2022,,,,,11.987176982,
ABW,2023,,,,,11.964553541,
ABW,2024,,,,,11.964553541,
AFG,2000,7.243332533,,,,0.00338867,
AFG,2001,7.326203881333334,,,,0.00338867,
AFG,2002,7.165436085666666,,,,0.003952935,0.08418062
AFG,2003,7.092571096666667,,,,0.005954566,0.65096337
AFG,2004,7.069444225666667,,,,0.008932828,0.54292566
AFG,2005,6.940503869666666,,,,0.01302097,0.5291841
AFG,2006,6.6399944763333325,,,,0.016956882,0.49784002
AFG,2007,6.5077389803333325,,,,0.018737782,0.55994755
AFG,2008,6.333056919666667,,,,0.019294278,0.62779975
AFG,2009,5.921958215,,,,0.042861474,0.53190351
AFG,2010,5.759674059000001,,,,0.073829323,0.46915731
AFG,2011,5.908168190333334,,,,0.103777492,0.47999981
AFG,2012,5.789386474666667,,,,0.107259045,0.34288675
AFG,2013,5.699810700333333,,,,0.101695665,0.44335932
AFG,2014,5.549653752333334,,,,0.089394498,0.47265697
AFG,2015,5.334255916333333,,,,0.077589898,0.52267277
AFG,2016,5.337132459333333,0.2312,0.01186,,0.066258064,0.60012972
AFG,2017,5.484628124333334,,,,0.060269275,0.64313394
AFG,2018,5.439870675666666,,,,0.060513186,0.55239552
AFG,2019,5.384626239666667,,,,0.054668276,0.49705607
AFG,2020,5.349134511333333,,,,0.050612082,1.18621242
AFG,2021,5.330588440333333,,,,0.042608649,0.71036398
AFG,2022,,,,,0.036828759,0.18147056
AFG,2023,,,,,0.030239103,0.24774949
AFG,2024,,,,,0.030239103,
AGO,2000,17.790367556,,,,1.690027759,0.98097837
AGO,2001,16.966154411666665,,,,1.690027759,1.80684185
AGO,2002,16.578030661,,,,1.881264956,1.15548134
AGO,2003,17.01078668566667,,,,1.994494538,1.28335834
AGO,2004,16.938742466333334,,,,3.822185971,1.4713583
AGO,2005,15.890260182,,,,5.718777595,1.14204562
AGO,2006,16.318396267,,,,7.585087837,1.28968012
AGO,2007,15.230973943333334,,,,7.807948549,1.53876388
AGO,2008,14.360401643666668,,,,7.960067587,1.91652381
AGO,2009,13.995978506333332,,,,8.27122331,2.23769045
AGO,2010,13.301577659333333,,,,8.481110228,1.46826649
AGO,2011,13.384580413999998,,,,8.727592883,1.52542961
AGO,2012,13.152313008,,,,8.720430094,1.39434171
AGO,2013,13.289914608666669,,,,8.709945567,1.5071826
AGO,2014,12.352057051666668,,,,8.14359551,1.16797769
AGO,2015,12.628293342,,,,7.435354313,1.08924341
AGO,2016,12.507071223666665,0.05743,,,6.710663127,1.05520773
AGO,2017,12.349811852666667,,,,6.427804127,1.12824702
AGO,2018,13.468189773666666,,,,6.086395133,0.97981894
AGO,2019,14.060478805,,,,5.320127009,1.00303984
AGO,2020,14.367455087000002,,,,4.576291303,1.46055436
AGO,2021,15.119874865666667,,,,4.104062,1.51676536
AGO,2022,,,,,3.977260025,1.30711842
AGO,2023,,,,,3.778472696,1.1340301
AGO,2024,,,,,3.778472696,
ALB,2000,5.1499163690000005,,,,4.79313826,2.73330545
ALB,2001,4.442197066333333,,,,4.79313826,2.72089767
ALB,2002,4.508882423,,,,4.902547996,2.55822611
ALB,2003,4.624292255333334,,,,4.93049982,2.63895035
ALB,2004,4.533958765666667,,,,5.120242771,2.7876544
ALB,2005,6.933065278,,,,5.298779704,2.65562892
ALB,2006,6.892836784333333,,,,5.544122576,2.60609818
ALB,2007,6.974292866666667,,,,5.732252912,2.71601963
ALB,2008,6.977170397999999,,,,5.90208636,2.27345061
ALB,2009,6.837208662999999,,,,5.827175035,2.33076763
ALB,2010,6.513063028666667,,,,5.675308306,2.35073113
ALB,2011,6.621996953666667,,,,5.233942489,2.36980104
ALB,2012,4.110111741,,,,4.955797562,2.42631125
ALB,2013,4.069914342666666,,,,4.650249032,2.54741931
ALB,2014,3.8090085429999996,,,,4.632489838,2.56312561
ALB,2015,3.5910786906666665,,,,4.603097368,2.67593837
ALB,2016,3.4568306653333334,1.47091,0.06841,,4.642766312,2.84762025
ALB,2017,3.2954455360000003,,,,4.638907145,2.74185801
ALB,2018,3.142585174,,,,4.687684543,2.84073949
ALB,2019,3.0254636070000003,,,,4.542549537,2.89433575
ALB,2020,2.5066101396666665,,,,4.438006483,2.97455955
ALB,2021,2.1437147083333334,,,,4.254108944,2.91998744
ALB,2022,,,,,4.25939778,3.72758842
ALB,2023,,,,,4.269192139,3.49766994
ALB,2024,,,,,4.269192139,
AND,2000,,,,,13.981627515,3.88115096
AND,2001,,,,,13.981627515,3.82370234
AND,2002,,,,,13.84752933,3.97611761
AND,2003,,,,,13.57514865,3.54889631
AND,2004,,,,,13.468450197,3.27483177
AND,2005,,,,,13.420485471,3.58344364
AND,2006,,,,,13.313577078,2.96214485
AND,2007,,,,,13.157500057,2.95692062
AND,2008,,,,,12.869998173,3.70078373
AND,2009,,,,,12.562051844,4.13392305
AND,2010,,,,,12.398609983,5.68869781
AND,2011,,,,,12.221772983,5.60742188
AND,2012,,,,,12.031743246,4.67067814
AND,2013,,,,,11.949366032,4.76766396
AND,2014,,,,,11.927626324,4.8130722
AND,2015,,,,,12.047088918,4.97208548
AND,2016,,,,,12.091431427,5.00518513
AND,2017,,,,,12.023544243,5.08694077
AND,2018,,,,,11.934654725,5.21907949
AND,2019,,,,,11.392622088,5.22278023
AND,2020,,,,,11.236514221,6.37670708
AND,2021,,,,,11.264510539,6.16799164
AND,2022,,,,,11.604962216,5.53698158
AND,2023,,,,,11.585363166,5.45127535
AND,2024,,,,,11.585363166,
ARE,2000,2.2409241876666663,,,,0.467565966,1.64852011
ARE,2001,2.193848726666667,,,,0.467565966,1.91321862
ARE,2002,2.096658939333333,,,,0.46798613,1.66402185
ARE,2003,1.9935432759999998,,,,0.500736949,1.62154937
ARE,2004,2.0104559500000003,,,,0.592193851,1.40612853
ARE,2005,1.9974386373333335,,,,0.67447701,1.3188324
ARE,2006,1.9202117989999998,,,,0.693888755,1.33256018
ARE,2007,1.6358833276666667,,,,0.740397137,1.50558293
ARE,2008,1.673417827333333,,,,0.71336734,1.8716644
ARE,2009,1.7760271763333335,,,,0.778305144,2.98415613
ARE,2010,1.9087685819999998,,,,0.793938259,2.65301466
ARE,2011,1.9820565416666664,,,,0.874056628,2.58301282
ARE,2012,2.0186123410000003,,,,0.895843357,2.42006803
ARE,2013,1.9516124146666665,,,,0.912936559,2.52060986
ARE,2014,1.8506285266666669,,,,0.935292872,2.50834441
ARE,2015,1.8491943016666665,,,,0.94958656,2.46962833
ARE,2016,1.7938659706666666,1.6495,0.05462,,0.973392818,2.97157669
ARE,2017,1.8577350553333334,,,,0.980848271,2.19714189
ARE,2018,1.8702166063333336,,,,0.838460853,2.1139648
ARE,2019,1.8274131263333333,,,,0.804623154,2.2531426
ARE,2020,1.828411363,,,,0.753547188,3.55229998
ARE,2021,1.5206661739999998,,,,0.811192087,3.40082932
ARE,2022,,,,,0.698264795,3.0025692
ARE,2023,,,,,0.642854173,3.31956935
ARE,2024,,,,,0.642854173,
ARG,2000,9.478816679333333,,,,5.55225004,4.49895144
ARG,2001,10.617160100333335,,,,5.55225004,4.4767065
ARG,2002,10.521031108,,,,5.219487245,3.87838697
ARG,2003,9.873031750666668,,,,5.041849997,3.76298237
ARG,2004,8.841977133999999,,,,5.153202235,3.43900657
ARG,2005,8.681632969666667,,,,5.316344794,3.93187881
ARG,2006,8.673049799666666,,,,5.650362216,4.04397869
ARG,2007,8.341059281333335,,,,5.960077769,4.24544716
ARG,2008,8.711880641,,,,6.177561521,4.47786331
ARG,2009,8.446779143,,,,6.360797127,5.74631262
ARG,2010,8.517355003666665,,,,6.603545118,5.56987906
ARG,2011,8.596596000666667,,,,6.944213844,5.71961212
ARG,2012,9.217114983666667,,,,7.183228909,6.14357281
ARG,2013,8.765165384666666,,,,7.230361373,6.2950058
ARG,2014,9.495076496000001,,,,7.403460732,6.40571356
ARG,2015,8.673565694999999,,,,7.341357956,6.80309105
ARG,2016,8.280659336333335,21.7054,1.07099,,7.360456839,6.5777607
ARG,2017,8.926936688666666,,,,7.096900066,6.68290806
ARG,2018,9.226808732333334,,,,6.811082562,6.11101341
ARG,2019,9.151710218,,,,6.643776678,6.2193737
ARG,2020,7.924258049999999,,,,6.90638203,6.99057627
ARG,2021,7.734183381333334,,,,7.43367636,6.34810066
ARG,2022,,,,,7.589125577,5.95705795
ARG,2023,,,,,7.09581627,6.18493843
ARG,2024,,,,,7.09581627,
ARM,2000,3.8236600243333334,,,,3.915402364,0.95468217
ARM,2001,3.3807693266666665,,,,3.915402364,1.33908558
ARM,2002,3.636892006,,,,4.251576371,1.17184055
ARM,2003,2.8034340859999998,,,,4.72183859,1.20635736
ARM,2004,3.8879848403333335,,,,5.288577626,1.29411483
ARM,2005,4.159132085666667,,,,5.626185418,1.47841108
ARM,2006,6.025920705333333,,,,5.976131384,1.58640754
ARM,2007,5.539289027,,,,6.193238241,1.61389112
ARM,2008,4.514300265666667,,,,6.24223349,1.48813355
ARM,2009,4.534225206333333,,,,6.189473473,1.81169069
ARM,2010,6.639586837333334,,,,6.074275277,1.68628836
ARM,2011,5.960181502,,,3.38,6.455278274,1.6728667
ARM,2012,6.917308824666667,,,,6.836636366,1.57816982
ARM,2013,5.582366186000001,,,,7.12024298,1.37565804
ARM,2014,4.998549583333333,,,,7.126771399,1.50548005
ARM,2015,5.039786788333333,,,,7.193859953,1.61020839
ARM,2016,5.199510023,3.83963,0.06856,,7.823934437,1.63735199
ARM,2017,2.9094080593333334,,,,8.427907442,1.37250984
ARM,2018,2.023528638,,,,9.608386588,1.23468125
ARM,2019,2.3952659953333333,,,,10.039647924,1.41167367
ARM,2020,1.8011933903333333,,,,9.222367108,2.35673714
ARM,2021,2.079368895,,,,7.745143504,2.18868065
ARM,2022,,,,,6.555398625,1.71535587
ARM,2023,,,,,6.600258195,1.46441019
ARM,2024,,,,,6.600258195,
ATG,2000,2.279392420666667,,,,6.798633461,2.50122428
ATG,2001,2.152451613666667,,,,6.798633461,2.92959142
ATG,2002,1.4198331306666667,,,,6.813097089,2.80217075
ATG,2003,1.6265802573333332,,,,6.813019044,3.01983333
ATG,2004,2.186269068,,,,7.052665441,2.6607554
ATG,2005,1.4836528766666666,,,,7.245246762,2.48221588
ATG,2006,0.444508122,,,,7.577745385,2.17760348
ATG,2007,0.34923202433333334,,,,7.841636065,2.01404786
ATG,2008,0.26261015,,,,7.831092469,1.87520587
ATG,2009,0.0,,,,7.59659877,2.03098321
ATG,2010,0.0,,,,7.189623646,2.77452183
ATG,2011,0.0,,,,7.100313846,2.73921561
ATG,2012,0.0,,,,7.188877051,2.71204996
ATG,2013,0.0,,,,7.264296843,2.75379777
ATG,2014,0.4100436746666667,,,,7.426608512,3.14859223
ATG,2015,0.39529055900000004,,,,7.498386015,2.93535352
ATG,2016,0.47287886500000004,1.00077,,,7.813159789,2.75887132
ATG,2017,0.0,,,,8.151724656,2.61894512
ATG,2018,0.0,,,,8.666535141,2.81542587
ATG,2019,0.0,,,,8.400089206,2.49952674
ATG,2020,0.6925685006666665,,,,8.211906596,3.58067584
ATG,2021,1.3444859630000001,,,,7.9661662,3.06314707
ATG,2022,,,,,8.207983708,2.85039449
ATG,2023,,,,,8.22306242,2.30815935
ATG,2024,,,,,8.22306242,
AUS,2000,11.977115206333332,,,,11.424874725,5.45143652
AUS,2001,12.139916774333335,,,,11.424874725,5.45680571
AUS,2002,11.283107135,,,,11.190756746,5.66308641
AUS,2003,10.263662615333333,,,,11.075994033,5.61926126
AUS,2004,9.803894047333333,,,,11.083139056,5.79416561
AUS,2005,10.621482686333332,,,,11.209487794,5.72175741
AUS,2006,10.1500217,,,,11.274606872,5.71296024
AUS,2007,10.480269621666666,,,,11.382330634,5.8701992
AUS,2008,11.017151751999998,,,,11.359263579,5.96531916
AUS,2009,10.461761172000001,,,,11.259708148,6.23710108
AUS,2010,10.899967753333334,,,,11.014213602,6.0919981
AUS,2011,10.440016503666667,,,7.64,10.776048234,6.2522192
AUS,2012,10.938280479666666,,,,10.590868336,6.17619228
AUS,2013,10.712120259,,,,10.445512227,5.92386961
AUS,2014,11.830933808,,,,10.456214678,6.89110136
AUS,2015,12.323469231999999,13.52546,0.60085,,10.503206628,7.2235322
AUS,2016,11.337133675333334,,,,10.653080506,7.20443821
AUS,2017,12.597089795333332,,,,10.707674664,7.23039198
AUS,2018,12.187982066333333,,,,10.758733281,7.19087696
AUS,2019,12.771342243333331,,,,10.980541297,7.53765869
AUS,2020,11.904319805,,,,11.138477679,7.85286617
AUS,2021,11.774549924666667,,,,11.216189652,7.93791485
AUS,2022,,,,,10.910922177,7.34881544
AUS,2023,,,,,10.508288048,7.65963793
AUS,2024,,,,,10.508288048,
AUT,2000,16.125119751333333,,,,13.200262888,6.86705208
AUT,2001,14.979342484999998,,,,13.200262888,6.86088991
AUT,2002,15.713915038666668,,,,12.857492147,6.95735025
AUT,2003,14.447098599666667,,,,12.781144777,7.01927948
AUT,2004,13.930265227333335,,,,12.780312068,7.05908728
AUT,2005,13.561676925999999,,,,12.846038077,7.05110073
AUT,2006,12.641546009,,,,12.940516648,7.01176453
AUT,2007,12.437798722333334,,,,12.876868229,6.98812008
AUT,2008,11.842002705333334,,,,12.649772968,7.23871469
AUT,2009,12.018446095,,,,12.539875447,7.50799561
AUT,2010,12.381723633333332,,,,12.509635446,7.45021629
AUT,2011,12.342564337333334,,,,12.573488315,7.34409189
AUT,2012,11.888262887333335,,,,12.459634684,7.49027205
AUT,2013,11.595752959666667,,,,12.508108701,7.49345398
AUT,2014,12.405953495333334,,,,12.164850507,7.59864187
AUT,2015,11.777501930333335,,0.26502,,11.99949264,7.5736208
AUT,2016,11.583858160666665,,,,11.762940379,7.54772329
AUT,2017,11.250265413000001,,,,11.849209374,7.71547127
AUT,2018,11.45721118,,,,11.826031341,7.75579357
AUT,2019,10.564968741,,,,11.769744698,7.88670015
AUT,2020,9.969222710666667,,,,11.835692677,8.71023846
AUT,2021,10.294691411333334,,,,11.762011718,9.46212482
AUT,2022,,,,,11.773971299,8.65631485
AUT,2023,,,,,11.599861115,8.532197
AUT,2024,,,,,11.599861115,
AZE,2000,2.873823862666667,,,,1.69987301,0.86689276
AZE,2001,2.84217913,,,,1.69987301,0.80511665
AZE,2002,2.8866281436666674,,,,1.465508743,0.73890811
AZE,2003,3.0795200470000004,,,,1.339981913,0.7737512
AZE,2004,3.075222638333333,,,,1.241329128,0.86166471
AZE,2005,3.398789591,,,,1.237281205,0.89067221
AZE,2006,3.357245842333333,,,,1.276573404,0.8678329
AZE,2007,3.0944728006666664,,,,1.377405001,0.90984386
AZE,2008,3.1464291699999998,,,,1.544952318,0.86519617
AZE,2009,2.8956583753333334,,,,1.682287832,1.13348269
AZE,2010,2.8363252073333336,,,,1.785004235,1.01347423
AZE,2011,2.778555923666667,,,2.5,1.79928892,0.94998968
AZE,2012,2.538800854666667,,,,1.646422172,1.11568439
AZE,2013,2.3017770816666663,,,,1.592822118,1.06625199
AZE,2014,2.1716491863333336,,,,1.546956536,1.13015568
AZE,2015,2.028983635,,,,1.593327273,1.30528009
AZE,2016,1.9535944910000003,3.45205,0.0208,,1.552343659,1.16546094
AZE,2017,1.9101196223333332,,,,1.667272037,1.00444698
AZE,2018,1.8113507263333333,,,,2.026983408,0.88865483
AZE,2019,1.8381735856666666,,,,2.348659159,1.06925082
AZE,2020,3.343029647333333,,,,2.487880251,2.32817769
AZE,2021,1.5765457410000001,,,,2.388972708,1.48136711
AZE,2022,,,,,2.298391182,0.95312107
AZE,2023,,,,,2.252878777,1.39353979
AZE,2024,,,,,2.252878777,
BDI,2000,21.55364029,,,,4.257726756,1.46507239
BDI,2001,20.532370086666667,,,,4.257726756,1.69244206
BDI,2002,19.713173243333333,,,,4.1325296,1.5355022
BDI,2003,18.992275733333333,,,,4.218512267,1.35508084
BDI,2004,18.414450743333333,,,,4.292969537,2.3681941
BDI,2005,17.380313579333333,,,,4.401467949,2.06248069
BDI,2006,16.720349364333334,,,,4.496384994,2.36401343
BDI,2007,15.798428054333334,,,,4.584739928,2.46383238
BDI,2008,15.042432174,,,,4.563500192,1.5591383
BDI,2009,15.070051116,,,,4.576100131,2.08079624
BDI,2010,15.049384702666666,,,,4.52202148,1.9852922
BDI,2011,14.842761601333331,,,0.34,4.008083431,3.47107577
BDI,2012,14.633475972,,,,3.682732946,2.66949105
BDI,2013,14.582413481000001,,,,3.348397672,1.54086971
BDI,2014,14.558387412666667,,,,3.535777055,2.78679872
BDI,2015,14.239905635666666,,,,3.477523489,2.4195447
BDI,2016,14.415707250666665,,,,3.555996566,2.23587942
BDI,2017,14.362180144666667,0.0098,,,3.605219167,2.01362443
BDI,2018,14.177569047666667,,,,3.605234824,2.0575192
BDI,2019,13.990422684666667,,,,3.624755386,2.27763605
BDI,2020,13.983459192333333,,,,3.643632266,2.1569612
BDI,2021,15.246116649000001,,,,3.70651674,2.22447824
BDI,2022,,,,,3.692104816,1.58512878
BDI,2023,,,,,3.464766296,1.34036565
BDI,2024,,,,,3.464766296,
BEL,2000,18.570648136666666,,,,12.160175511,5.96185923
BEL,2001,18.616527085,,,,12.160175511,6.13948441
BEL,2002,17.379891712333333,,,,12.135073198,6.13245678
BEL,2003,18.067709812666667,,,,12.129891751,6.78976488
BEL,2004,16.967141238666667,,,,12.025092482,6.99315739
BEL,2005,16.840082897333332,,,,11.968815468,6.8955164
BEL,2006,16.718656271,,,,11.880789469,6.80566692
BEL,2007,15.166188503333332,,,,11.756030775,6.77384472
BEL,2008,16.570895794,,,,11.50495138,7.26614666
BEL,2009,16.749978665333334,,,,11.355448657,7.84423971
BEL,2010,16.648050864000002,,,,11.207503924,7.7745738
BEL,2011,16.951234622333335,,,,11.176486941,7.83494329
BEL,2012,16.658184231666667,,,,11.631636406,7.99403429
BEL,2013,15.602000137666666,20.0568,0.55812,,12.374857736,7.99912691
BEL,2014,15.215435918999999,,,,13.228430988,8.03469563
BEL,2015,14.484017344666668,,,,12.492438942,8.26822186
BEL,2016,15.078306083333333,,,,11.480788641,8.31613922
BEL,2017,14.676462538666668,,,,10.340758458,8.3176775
BEL,2018,14.474962761999999,,,,10.233979529,8.32855988
BEL,2019,14.236480168,,,,9.930094656,8.08414745
BEL,2020,12.721962121333334,,,,9.674257046,8.72537518
BEL,2021,14.351396545,,,,9.47394978,8.49062634
BEL,2022,,,,,9.521657355,7.9360981
BEL,2023,,,,,9.537681267,7.95761585
BEL,2024,,,,,9.537681267,
BEN,2000,12.543045858,,,,5.242185155,1.13417935
BEN,2001,12.456392552666665,,,,5.242185155,1.20063126
BEN,2002,12.607201421333334,,,,5.300354647,0.93714452
BEN,2003,12.438994334333332,,,,5.275757579,1.05233788
BEN,2004,12.428806468666666,,,,5.214403538,1.15381396
BEN,2005,12.362988860333333,,,,5.154212628,1.04785359
BEN,2006,12.308889163666668,,,,5.162599196,1.06306994
BEN,2007,12.327039710333333,,,,5.209563938,0.95481884
BEN,2008,12.619271194333335,,,,5.257658491,0.74250972
BEN,2009,12.854587602333334,,,,5.301536706,0.86784607
BEN,2010,12.967699018666666,,,,5.382181466,0.7522946
BEN,2011,13.040096041666667,,,,5.517179175,0.65150005
BEN,2012,12.981350158333333,,,,5.673814864,0.74686456
BEN,2013,12.816414776,,,,5.541475316,0.76463026
BEN,2014,12.709030924666665,,,,5.336856426,0.57532531
BEN,2015,12.771867269666666,,,,5.004552993,0.59082586
BEN,2016,12.601884888666667,,,,4.837279488,0.71389222
BEN,2017,12.437899162999999,,,,4.654189703,0.70637327
BEN,2018,12.301341811666667,,,,4.49339148,0.66673458
BEN,2019,12.235924439000001,,,,4.432315756,0.45625761
BEN,2020,12.077273225,,,,4.379191195,0.51122105
BEN,2021,12.080509179333333,,,,4.300573582,0.33374113
BEN,2022,,,,,4.18106307,0.50720674
BEN,2023,,,,,4.085844075,0.4894892
BEN,2024,,,,,4.085844075,
BFA,2000,17.913519836666666,,,,9.665720799,0.96129316
BFA,2001,17.867514423,,,,9.665720799,0.97162038
BFA,2002,17.401339472333333,,,,10.423929011,1.05799043
BFA,2003,17.242547898999998,,,,10.4322843,0.9801873
BFA,2004,17.097062187666666,,,,10.64599952,1.69977903
BFA,2005,16.913455722,,,,10.572318516,1.22285259
BFA,2006,16.883868174,,,,10.584964386,1.43097806
BFA,2007,16.718300632,,,,10.413877346,1.43212855
BFA,2008,16.885338744333335,,,,10.480498495,1.36111355
BFA,2009,17.057181385,,,,10.212145362,1.64177847
BFA,2010,17.199120871999998,,,,10.167790153,1.30630887
BFA,2011,17.13677853333333,,,,9.633381285,1.34620178
BFA,2012,17.596329846333333,,,,9.380646978,1.06450117
BFA,2013,17.641872949,,,,9.105916695,1.61236513
BFA,2014,17.347953166666667,,,,9.21122304,1.62685239
BFA,2015,17.184444617666667,,,,9.238941352,1.45618761
BFA,2016,17.095104274333334,0.03865,0.28712,,8.952579266,2.38693118
BFA,2017,16.845922459,,,,8.91051977,2.6879499
BFA,2018,16.548850518333335,,,,7.47397639,2.12523532
BFA,2019,16.096980742666666,,,,6.199656978,2.23602796
BFA,2020,16.33305092666667,,,,4.959307944,2.84514332
BFA,2021,16.095124197,,,,5.188571695,2.73058271
BFA,2022,,,,,5.199596571,2.62870407
BFA,2023,,,,,4.94129763,2.45250058
BFA,2024,,,,,4.94129763,
BGD,2000,5.184919182333334,,,,0.00120416,0.50841981
BGD,2001,5.027900252666666,,,,0.00120416,0.38396508
BGD,2002,4.924414191,,,,0.001204633,0.47014153
BGD,2003,4.7473128099999995,,,,0.001229082,0.48277113
BGD,2004,4.482985081333333,,,,0.001191148,0.48091501
BGD,2005,4.573369599333334,,,,0.00116079,0.45040676
BGD,2006,4.626190101,,,,0.002082779,0.47882023
BGD,2007,4.439887328666667,,,,0.003057081,0.48857561
BGD,2008,4.262493256333333,,,,0.002210037,0.44322866
BGD,2009,4.197896193333333,,,,0.002213054,0.43522108
BGD,2010,3.999273704666667,,,,0.002221192,0.47062662
BGD,2011,3.5439165076666668,,,0.44,0.003092019,0.4823136
BGD,2012,3.3275727070000003,,,,0.003075143,0.46968287
BGD,2013,3.2090312663333336,,,,0.003099708,0.4372614
BGD,2014,3.1703954483333336,,,,0.00313062,0.4220427
BGD,2015,3.1079347036666665,,,,0.003107245,0.38844827
BGD,2016,3.1059767493333332,0.13027,0.03474,,0.003059937,0.4755646
BGD,2017,3.2012333023333333,,,,0.003020615,0.50250494
BGD,2018,3.1679529226666663,,,,0.003042729,0.48568422
BGD,2019,3.1778557489999995,,,,0.002998343,0.36105901
BGD,2020,2.926207311,,,,0.002966736,0.35576752
BGD,2021,2.915443988,,,,0.002931903,0.38806468
BGD,2022,,,,,0.00294159,0.34193528
BGD,2023,,,,,0.002912386,0.31430635
BGD,2024,,,,,0.002912386,
BGR,2000,14.289876984000001,,,,10.915301341,3.4715004
BGR,2001,13.305442440999999,,,,10.915301341,3.84590173
BGR,2002,13.229167754,,,,11.070952044,4.20194769
BGR,2003,11.43758133,,,,11.204089695,4.37132454
BGR,2004,10.727785539000001,,,,11.304295284,4.09508371
BGR,2005,9.754346245333332,,,,11.43923264,4.10456991
BGR,2006,9.666226564666665,,,,11.605186045,3.63341045
BGR,2007,8.733497854,,,,11.876560807,3.43214798
BGR,2008,9.302292090666667,,,,11.890163525,3.48064542
BGR,2009,8.696673384999999,,,,11.82706749,3.54883742
BGR,2010,8.681789113666666,,,,11.815432427,3.91909194
BGR,2011,8.078980681333332,,,1.4,11.959024654,3.84521842
BGR,2012,9.008684065999999,,,,12.058932222,3.82989573
BGR,2013,7.547447544000001,,,,11.954177925,4.03953886
BGR,2014,7.341698792666667,,,,12.038917764,4.47450733
BGR,2015,6.948175836666667,,,,12.184598425,4.13284254
BGR,2016,6.762290744,7.20317,0.30652,,12.489814377,4.11281013
BGR,2017,6.868103629,,,,12.689846739,4.11801386
BGR,2018,6.787288666999999,,,,12.881527196,4.23101759
BGR,2019,6.202967953333334,,,,12.969464683,4.2107811
BGR,2020,6.8109098900000005,,,,13.019593711,5.05085564
BGR,2021,6.41029799,,,,13.087570941,5.52486372
BGR,2022,,,,,13.182016496,4.77777004
BGR,2023,,,,,13.246478911,4.97369862
BGR,2024,,,,,13.246478911,
BHR,2000,10.720108168333333,,,,2.835134523,2.27505612
BHR,2001,10.930529858,,,,2.835134523,2.39680648
BHR,2002,10.219777523,,,,2.613340542,2.5144496
BHR,2003,10.113280811666666,,,,2.42321971,2.45939231
BHR,2004,9.558165803666666,,,,2.245805932,2.25912499
BHR,2005,8.723937208666667,,,,2.207811496,2.18422818
BHR,2006,6.949621001333334,,,,2.219750364,2.06908512
BHR,2007,6.354356147666667,,,,2.363783606,2.03086805
BHR,2008,5.887020623000001,,,,2.469971825,2.00388288
BHR,2009,5.2361573906666665,,,,2.59012797,2.74579287
BHR,2010,4.926581295999999,,,,2.492980318,2.55753851
BHR,2011,4.789324606,,,,2.486346567,2.42909908
BHR,2012,4.807626017333333,,,,2.385055992,2.58166146
BHR,2013,4.570626768333334,,,,2.328090585,2.70170784
BHR,2014,4.549045412000001,,,,2.216816908,2.75321245
BHR,2015,4.287391851,,,,2.087034736,3.08921409
BHR,2016,4.578200007666667,,,,1.933597964,2.8373127
BHR,2017,4.601385012333333,5.46705,,,1.803109477,2.44733834
BHR,2018,4.605176008333333,,,,1.827637373,2.31990647
BHR,2019,4.323448474666667,,,,1.790624572,2.20524931
BHR,2020,4.4400269759999995,,,,1.791668677,2.86910701
BHR,2021,3.8676331639999995,,,,1.764341671,2.75866771
BHR,2022,,,,,1.875225588,2.37968802
BHR,2023,,,,,2.014935164,2.36801171
BHR,2024,,,,,2.014935164,
BHS,2000,3.5877217750000003,,,,8.673977966,1.50591624
BHS,2001,3.350052895333333,,,,8.673977966,1.56618142
BHS,2002,3.115608191333333,,,,8.16462706,1.50943291
BHS,2003,3.326373901666667,,,,7.995334618,1.62846565
BHS,2004,3.460491009666667,,,,7.833024872,1.611678
BHS,2005,3.1385058166666666,,,,7.846735239,1.58765554
BHS,2006,3.353353047666667,,,,7.813390515,1.65727472
BHS,2007,3.2318888070000003,,,,7.893730277,1.80025303
BHS,2008,3.2802691823333334,,,,7.83580106,2.08452892
BHS,2009,3.4431905663333335,,,,7.700817625,2.34723687
BHS,2010,3.7839429423333333,,,,7.596023378,2.36928177
BHS,2011,3.7637974369999996,,,,7.703005218,2.37497997
BHS,2012,3.5252921403333333,,,,7.848505852,2.31367421
BHS,2013,3.302878218,,,,8.102562267,2.59359813
BHS,2014,3.454687239,,,,8.240635855,2.53589177
BHS,2015,3.270506215333333,,0.25851,,8.359408589,2.32609415
BHS,2016,3.4812114933333334,,,,8.453956713,2.71795917
BHS,2017,3.466871276333334,,,,8.59202477,3.57633185
BHS,2018,3.256072730666667,,,,8.640278052,2.79429245
BHS,2019,3.402308439,,,,8.071176016,2.87397003
BHS,2020,2.875283516333333,,,,7.635259526,4.37366199
BHS,2021,3.011119845333333,,,,7.503307542,3.51553249
BHS,2022,,,,,7.940856473,3.99245048
BHS,2023,,,,,8.094609574,3.18650889
BHS,2024,,,,,8.094609574,
BIH,2000,10.249087454666666,,,,4.706391235,4.07377338
BIH,2001,9.940639982,,,,4.706391235,4.31801033
BIH,2002,9.813923810333334,,,,4.795913161,4.4219141
BIH,2003,9.438812538999999,,,,4.927209546,5.47854805
BIH,2004,9.171785082666666,,,,5.160214617,5.16201019
BIH,2005,9.371721796333333,,,,5.399740986,4.81401253
BIH,2006,9.107301804333334,,,,5.675712017,4.84716463
BIH,2007,9.636294865666665,,,,5.868048112,5.12106037
BIH,2008,8.892686416,,,,5.892438062,5.28242588
BIH,2009,8.707131510666668,,,,5.814886793,6.13346386
BIH,2010,8.369231013,,,,5.770798916,6.13426924
BIH,2011,8.311152821,,,,5.85493204,6.20625067
BIH,2012,7.969205212666666,,,,5.885222442,6.50727367
BIH,2013,8.091860193,,,,5.836386493,6.57830858
BIH,2014,7.839304382333332,,,,5.81513229,6.66444492
BIH,2015,8.016123690999999,8.03176,0.53734,,5.994015049,6.39630365
BIH,2016,7.900366084999999,,,,6.249199223,6.47960949
BIH,2017,7.761195957999999,,,,6.420914194,6.18360281
BIH,2018,7.565225642000001,,,,6.382939486,6.1210475
BIH,2019,7.900678814,,,,6.156439022,6.13385725
BIH,2020,6.572511297999999,,,,6.093271658,6.75351286
BIH,2021,5.861025431333334,,,,6.213894883,6.52639914
BIH,2022,,,,,6.450607412,5.73453379
BIH,2023,,,,,6.567858892,6.00363779
BIH,2024,,,,,6.567858892,
BLR,2000,36.779312119000004,,,,12.038574911,4.15422821
BLR,2001,36.361435734333334,,,,12.038574911,4.25791645
BLR,2002,36.92527393466667,,,,12.034362031,4.07934141
BLR,2003,36.504879118333335,,,,12.034231673,4.38554096
BLR,2004,36.261523100666665,,,,12.133278537,4.39936543
BLR,2005,36.21741175266667,,,,12.70493722,4.52236795
BLR,2006,33.20780753933333,,,,13.693814076,3.9855392
BLR,2007,29.882101538333334,,,,14.647844877,3.99474669
BLR,2008,31.63156268366667,,,,14.935664514,3.48282266
BLR,2009,31.682415321333334,,,,14.903878771,3.48038435
BLR,2010,29.800300508666666,,,,14.861180488,3.84921932
BLR,2011,29.896569392,,,,14.668959054,3.08841538
BLR,2012,24.61733456766667,,,,14.063773008,3.44369793
BLR,2013,21.998022261,,,,12.999895047,3.56868172
BLR,2014,20.38363822966667,,,,11.803120433,3.37288022
BLR,2015,18.665063858666667,,,,10.856035824,3.68674207
BLR,2016,17.789066176333332,13.50444,0.06325,,10.328471726,4.19298792
BLR,2017,16.045052732333332,,,,10.380950968,3.98054695
BLR,2018,15.786111433666667,,,,10.667080503,3.9000001
BLR,2019,14.679737123,,,,11.089033039,4.12526941
BLR,2020,13.159597598333335,,,,11.508728616,4.54088545
BLR,2021,12.363313173333333,,,,11.704967041,4.87342072
BLR,2022,,,,,11.598573775,4.44357491
BLR,2023,,,,,11.292242564,4.7274251
BLR,2024,,,,,11.292242564,
BLZ,2000,9.106883482999999,,,,5.363689087,1.35279799
BLZ,2001,7.661872701,,,,5.363689087,1.76350856
BLZ,2002,7.264784650333333,,,,5.63338829,1.82957494
BLZ,2003,7.422581581,,,,6.041531889,1.75257611
BLZ,2004,8.028744836333333,,,,6.406450191,1.7102828
BLZ,2005,6.484661157333334,,,,6.625941412,1.78223765
BLZ,2006,6.504421036,,,,6.890595071,1.97383273
BLZ,2007,5.9359391079999995,,,,7.141052552,2.37503958
BLZ,2008,5.850358520333334,,,,7.192918533,2.91308498
BLZ,2009,7.182818216333334,,,,7.038661898,2.89427853
BLZ,2010,7.758124211999999,,,,6.866697064,2.97982311
BLZ,2011,7.939581966000001,,,,6.837545244,2.98816276
BLZ,2012,7.556879344333335,,,,6.784597937,2.86571932
BLZ,2013,7.280924319333334,,,,6.768845319,2.92492223
BLZ,2014,6.763153007,,,,6.763604018,3.03495717
BLZ,2015,6.544838835,,,,6.71154209,3.17137766
BLZ,2016,6.145505655666667,1.39164,1.9483,,6.501305991,3.35043669
BLZ,2017,6.820710102333333,,,,6.216312899,3.2159059
BLZ,2018,6.135611985,,,,5.960203492,3.27672195
BLZ,2019,5.557396885999999,,,,5.416494247,3.31428432
BLZ,2020,4.37013498,,,,5.023866948,3.79881597
BLZ,2021,4.6403761113333335,,,,4.698428109,3.51546001
BLZ,2022,,,,,4.8848411,2.61415029
BLZ,2023,,,,,4.992960676,2.69897199
BLZ,2024,,,,,4.992960676,
BMU,2000,,,,,12.90296785,
BMU,2001,,,,,12.90296785,
BMU,2002,,,,,12.96457578,
BMU,2003,,,,,13.00461856,
BMU,2004,,,,,13.104567969,
BMU,2005,,,,,13.280044399,
BMU,2006,,,,,13.44410814,
BMU,2007,,,,,13.333901307,
BMU,2008,,,,,13.053498322,
BMU,2009,,,,,12.63745891,
BMU,2010,,,,,12.342667131,
BMU,2011,,,,,12.150986334,
BMU,2012,,,,,12.023990091,
BMU,2013,,,,,11.958527427,
BMU,2014,,,,,11.950668074,
BMU,2015,,,,,11.913234013,
BMU,2016,,,,,11.993698006,
BMU,2017,,,,,12.010957977,
BMU,2018,,,,,12.066485823,
BMU,2019,,,,,11.728814338,
BMU,2020,,,,,11.432951851,
BMU,2021,,,,,11.178973673,
BMU,2022,,,,,11.074538149,
BMU,2023,,,,,11.000794956,
BMU,2024,,,,,11.000794956,
BOL,2000,7.821912119333334,,,,3.037648329,2.43201661
BOL,2001,7.703128076,,,,3.037648329,2.61401916
BOL,2002,7.6773041913333335,,,,3.015776372,2.60214591
BOL,2003,7.563159731,,,,3.148442713,2.75486469
BOL,2004,7.468537515333334,,,,3.334315988,2.53551769
BOL,2005,7.394385579999999,,,,3.600443587,2.7536962
BOL,2006,7.124870124333333,,,,3.849552072,2.61106277
BOL,2007,7.123945800666667,,,,4.135447556,2.7755425
BOL,2008,6.966301804666667,,,,4.382386907,2.70188808
BOL,2009,6.872044581666667,,,,4.452419748,3.15830708
BOL,2010,6.663051049333333,,,,4.395736523,3.05729318
BOL,2011,6.554962081333334,,,,4.263088937,3.02061009
BOL,2012,6.253128305333334,,,,4.200493364,2.9963541
BOL,2013,6.2101896246666675,,,,4.184357138,3.26242685
BOL,2014,6.268500562,,,,4.178116207,3.69240737
BOL,2015,6.348755033333333,,,,4.167398134,4.30645275
BOL,2016,6.307351944666666,1.12824,0.00932,,4.117667065,4.4294467
BOL,2017,6.232035845666668,,,,4.058800705,4.44758177
BOL,2018,6.077779549333333,,,,3.992999599,4.79799795
BOL,2019,5.988717697999999,,,,3.818966921,4.89661789
BOL,2020,5.766611601666667,,,,3.753774342,5.80238628
BOL,2021,5.188367130666666,,,,3.720658354,5.88253403
BOL,2022,,,,,3.817074752,4.61549664
BOL,2023,,,,,3.824481307,4.65502548
BOL,2024,,,,,3.824481307,
BRA,2000,4.759058427333334,,,,7.201020609,3.47014546
BRA,2001,5.228250759333334,,,,7.201020609,3.51298475
BRA,2002,5.114407982,,,,7.487686659,3.6863513
BRA,2003,5.060588459,,,,7.946395063,3.50954437
BRA,2004,5.111466896666667,,,,8.330585811,3.46692538
BRA,2005,5.359972074333332,,,,9.768034297,3.34525418
BRA,2006,5.275971193666666,,,,10.178166178,3.54130626
BRA,2007,5.442042409,,,,10.520465701,3.48462701
BRA,2008,5.6276479859999995,,,,10.037566422,3.50441861
BRA,2009,5.564864790000001,,,,10.237989173,3.70742011
BRA,2010,5.3465388166666665,,,,10.611091814,3.57701325
BRA,2011,5.521930616333333,,,2.38,10.633849222,3.46567941
BRA,2012,5.615447546666666,,,,10.362966228,3.35463309
BRA,2013,5.708168799999999,,,,9.789883336,3.55113959
BRA,2014,5.7082268733333335,,,,9.465557182,3.69886327
BRA,2015,5.923666105,,,,9.612463109,3.85396719
BRA,2016,6.007260468999999,3.16466,0.11458,,9.637043928,3.94799495
BRA,2017,6.577705601333334,,,,9.723871228,3.95315194
BRA,2018,6.322569897666667,,,,9.780551443,3.88924217
BRA,2019,6.305591415666666,,,,9.698918153,3.91702151
BRA,2020,6.455073413000001,,,,9.6964163,4.17190552
BRA,2021,7.041016547000001,,,,9.737532723,4.30673981
BRA,2022,,,,,10.114627778,4.25969172
BRA,2023,,,,,10.369742675,4.29392195
BRA,2024,,,,,10.369742675,
BRB,2000,4.881464760666667,,,,7.843282598,2.5543673
BRB,2001,4.442519236666667,,,,7.843282598,2.71995711
BRB,2002,4.081928165,,,,7.981484657,2.89702082
BRB,2003,4.627346633333333,,,,8.10977694,3.47478461
BRB,2004,4.763502581,,,,8.182681725,3.98423481
BRB,2005,4.808687096666667,,,,8.357591956,3.51634121
BRB,2006,4.574345946666667,,,,8.487560519,3.32250285
BRB,2007,4.081087298666667,,,,8.703528296,2.92400503
BRB,2008,4.291903159666667,,,,8.710052137,3.17477036
BRB,2009,4.018346429666667,,,,8.727045472,3.4388876
BRB,2010,4.068523325666667,,,,8.674755984,3.18992829
BRB,2011,3.9679097376666665,,,,8.814565713,2.93728137
BRB,2012,3.5327140069999996,,,,8.970557304,3.79151535
BRB,2013,3.751562132,,,,9.137360373,3.33373475
BRB,2014,3.9047827903333334,,,,9.299238497,2.87362003
BRB,2015,3.6155171013333334,,0.35184,,9.504421091,2.84907889
BRB,2016,4.054308836333333,,,,9.703495008,2.85200191
BRB,2017,3.395088129,,,,9.841695031,2.7041471
BRB,2018,3.6105370066666667,,,,9.91978138,2.65220022
BRB,2019,4.292237042,,,,9.471075338,2.54682422
BRB,2020,3.565962577,,,,9.144621379,3.32207417
BRB,2021,2.9521943216666666,,,,9.073136952,4.04128695
BRB,2022,,,,,9.534066749,2.6457088
BRB,2023,,,,,10.070265125,2.25056767
BRB,2024,,,,,10.070265125,
BRN,2000,1.3440130056666666,,,,0.041375046,2.14453936
BRN,2001,0.981987798,,,,0.041375046,2.11852527
BRN,2002,1.1722900139999999,,,,0.020346897,2.11855745
BRN,2003,1.2276731333333333,,,,0.0,2.15882659
BRN,2004,1.4508639719999998,,,,0.0,2.12041497
BRN,2005,1.5326410816666665,,,,0.0,1.86898351
BRN,2006,1.9066963959999998,,,,0.0,1.62710452
BRN,2007,1.6721933519999999,,,,0.0,1.69323945
BRN,2008,1.392759635,,,,0.0,1.68647766
BRN,2009,1.1638966450000001,,,,0.0,2.1657393
BRN,2010,0.921475466,,,,0.0,2.09004593
BRN,2011,1.2011031576666669,,,,0.015396387,1.70617342
BRN,2012,1.5991137076666666,,,,0.015396387,1.68712533
BRN,2013,1.3094982666666668,,,,0.015396387,1.71973145
BRN,2014,1.2362934756666666,,,,0.0,1.77395678
BRN,2015,1.1613961196666667,,,,0.0,2.26836538
BRN,2016,1.7713006583333335,1.19748,0.47899,,0.0,2.42138696
BRN,2017,2.297105117333333,,,,0.0,2.14737701
BRN,2018,2.4468338836666668,,,,0.0,2.29566693
BRN,2019,2.2385672493333333,,,,0.0,2.10503411
BRN,2020,2.603623103,,,,0.0,2.30922484
BRN,2021,2.6908409043333332,,,,0.0,1.99766231
BRN,2022,,,,,0.0,1.6302222
BRN,2023,,,,,0.0,2.06224728
BRN,2024,,,,,0.0,
BTN,2000,7.452751424333333,,,,0.0043134,3.29712725
BTN,2001,7.374252369333334,,,,0.0043134,3.29277039
BTN,2002,7.088196296666666,,,,0.004310175,3.09706593
BTN,2003,7.215187888666667,,,,0.004306913,2.65240765
BTN,2004,7.010556797666666,,,,0.004303597,2.81644845
BTN,2005,6.831454235333333,,,,0.00430036,2.44967246
BTN,2006,6.690021728333334,,,,0.004296086,2.28304935
BTN,2007,6.471027052666666,,,,0.00429209,2.47752094
BTN,2008,6.313937280666667,,,,0.004287918,2.17638206
BTN,2009,6.085538436,,,,0.00428394,2.43460202
BTN,2010,5.802679069,,,,0.004279244,2.3471601
BTN,2011,5.696359174666667,,,,0.004748489,2.21770048
BTN,2012,5.7197396933333335,,,,0.005225089,2.26811028
BTN,2013,5.808066521,,,,0.00469061,2.3066659
BTN,2014,5.850346953333333,,,,0.003142937,2.23058915
BTN,2015,5.692705239333333,,,,0.348245554,2.55167842
BTN,2016,5.583599028999999,0.50801,0.127,,0.783632931,2.42386007
BTN,2017,5.6367169,,,,1.525849109,2.31912565
BTN,2018,5.318718519,,,,1.973738349,2.44134831
BTN,2019,5.077674899,,,,2.303116918,2.4829967
BTN,2020,5.23910298,,,,2.497362619,3.18623781
BTN,2021,5.034725431666667,,,,2.690379357,2.31712747
BTN,2022,,,,,2.864866354,2.13837457
BTN,2023,,,,,3.080793732,2.9429884
BTN,2024,,,,,3.080793732,
BWA,2000,16.615098949,,,,3.00529767,3.2540555
BWA,2001,16.177873575,,,,3.00529767,3.50531387
BWA,2002,16.008397153,,,,3.058228869,3.76324773
BWA,2003,15.019818574333334,,,,2.950973592,3.60058308
BWA,2004,13.760392108333335,,,,3.05171048,3.4343946
BWA,2005,12.698241289666667,,,,3.228056483,2.86616707
BWA,2006,12.048044970333335,,,,3.410714373,2.79110265
BWA,2007,14.551440651,,,,3.24699099,3.12948751
BWA,2008,19.022293054333336,,,,3.10802077,3.66806316
BWA,2009,20.69865991,,,,3.009258457,3.41018438
BWA,2010,20.069687506666668,,,,3.057058284,3.60705996
BWA,2011,18.886705206666665,,,,3.055039419,3.60456705
BWA,2012,18.732970754666667,,,,3.157337464,4.09601831
BWA,2013,17.824737200666664,,,,3.409038977,4.15482092
BWA,2014,16.29116291833333,,,,3.73503192,3.99039125
BWA,2015,14.236508090333333,,,,3.936312851,4.13518047
BWA,2016,14.268519028666667,,,,3.91851828,3.83726597
BWA,2017,13.91768364,,0.22633,,3.861716417,5.01613283
BWA,2018,12.730855096666666,,,,3.916472009,4.14253378
BWA,2019,11.496003788666668,,,,3.849271435,4.37294102
BWA,2020,11.791152794333334,,,,3.752257378,4.48994827
BWA,2021,10.481151479666666,,,,3.886628698,4.82830048
BWA,2022,,,,,4.325194985,4.30745316
BWA,2023,,,,,4.868844581,4.72067308
BWA,2024,,,,,4.868844581,
CAF,2000,23.812943038666663,,,,1.352946142,1.7200942
CAF,2001,22.91200527966667,,,,1.352946142,1.51679921
CAF,2002,23.554053307666667,,,,1.279889521,1.434237
CAF,2003,22.131916215333334,,,,1.215634424,1.54274023
CAF,2004,21.90185895333333,,,,1.170791599,1.4743973
CAF,2005,20.70662830466667,,,,1.157948856,1.03554976
CAF,2006,21.773226929666667,,,,1.162281336,1.22708309
CAF,2007,21.118907735,,,,1.21288735,1.27105796
CAF,2008,20.394440274333334,,,,1.234183669,0.84676838
CAF,2009,21.213078205666665,,,,1.253210516,0.73201287
CAF,2010,20.500284226333335,,,,1.259882437,0.57671779
CAF,2011,22.989907544666668,,,,1.282775768,0.41518956
CAF,2012,20.332033776666666,,,,1.224034894,0.62262207
CAF,2013,21.130165739333332,,,,1.258007603,0.98418158
CAF,2014,22.57153127366667,,,,1.349680954,0.71106249
CAF,2015,21.748129320666667,,,,1.54647882,0.45585203
CAF,2016,21.792483559666664,,,,1.633669508,0.59953427
CAF,2017,22.357105078,0.022,0.022,,1.672318764,0.72881997
CAF,2018,21.63692803533333,,,,1.650604692,0.68853283
CAF,2019,20.686330205333334,,,,1.700219595,0.81889474
CAF,2020,21.211634917,,,,1.721274604,1.22141719
CAF,2021,19.768330483333333,,,,1.780381472,1.26395118
CAF,2022,,,,,1.787408256,1.49499202
CAF,2023,,,,,1.827496428,1.53037214
CAF,2024,,,,,1.827496428,
CAN,2000,11.240889951333335,,,,9.470045067,6.00886488
CAN,2001,11.410342881666667,,,,9.470045067,6.27896452
CAN,2002,11.066409600999998,,,,9.560002171,6.41558075
CAN,2003,11.56227046,,,,9.624087069,6.5905304
CAN,2004,10.965638682333335,,,,9.772489186,6.62396574
CAN,2005,11.268083950666666,,,,9.951137557,6.59897947
CAN,2006,10.210430426,,,,10.112884738,6.48794031
CAN,2007,10.578412477999999,,,,10.208235451,6.57450104
CAN,2008,10.69310271,,,,10.249883324,6.70112658
CAN,2009,11.115798565333334,,,,10.202907023,7.52285767
CAN,2010,11.134909781333334,,,,10.167645407,7.48326397
CAN,2011,10.402523412,,,7.2,10.115631035,7.31292295
CAN,2012,10.913748667999998,,,,10.045324929,7.43784714
CAN,2013,10.976630420666666,,,,9.950705563,7.40494967
CAN,2014,11.552311126666666,,,,9.92105943,7.27883959
CAN,2015,11.617046410999999,,,,9.958736661,7.63076639
CAN,2016,9.959485075,,,,10.003597759,7.72722769
CAN,2017,10.339417148333334,14.67922,0.40112,,9.94429514,7.60926294
CAN,2018,10.980056921333334,,,,9.922217251,7.604599
CAN,2019,11.059409391,,,,9.978584284,7.68264532
CAN,2020,10.220523582666667,,,,10.025163368,9.61535835
CAN,2021,8.087081314,,,,9.953081542,9.00172424
CAN,2022,,,,,9.617295773,7.86726427
CAN,2023,,,,,9.240521499,7.86552382
CAN,2024,,,,,9.240521499,
CHE,2000,16.168986120333333,,,,11.422643415,2.60934997
CHE,2001,15.320860523,,,,11.422643415,2.8348732
CHE,2002,16.274624515666666,,,,11.407640869,3.09866619
CHE,2003,14.002654217999998,,,,11.255528047,3.18358994
CHE,2004,13.888545242333334,,,,11.062627582,3.15826011
CHE,2005,14.098053390333334,,,,10.815088061,3.12288141
CHE,2006,13.973811064000001,,,,10.712038863,2.9323988
CHE,2007,14.058371473666668,,,,10.730269771,2.89200497
CHE,2008,13.490711626,,,,10.679350265,3.01256084
CHE,2009,12.148488843666668,,,,10.578678756,3.26037979
CHE,2010,10.667691313,,,,10.451558961,3.31898856
CHE,2011,10.681050945,,,,10.348880092,3.39824772
CHE,2012,10.659272892333332,,,,10.244409232,3.55156374
CHE,2013,10.868812049666667,,,,10.075157937,3.54965854
CHE,2014,10.178647907333334,,,,9.968640306,3.59058547
CHE,2015,10.696111636,43.95555,0.25241,,9.785990394,3.6722703
CHE,2016,9.983130710333334,,,,9.669463442,3.763062
CHE,2017,10.264505035333334,,,,9.485172509,3.8158226
CHE,2018,10.003729833333333,,,,9.442446429,3.75385094
CHE,2019,9.856493688666667,,,,9.394051638,3.82881737
CHE,2020,9.840560189666666,,,,9.415552172,4.2842145
CHE,2021,9.899153746333333,,,,9.276515803,4.26561546
CHE,2022,,,,,9.082509472,4.04552841
CHE,2023,,,,,8.759790669,3.8676703
CHE,2024,,,,,8.759790669,
CHL,2000,11.009163184333334,,,,7.009146769,2.50570464
CHL,2001,10.770162857333332,,,,7.009146769,2.58087945
CHL,2002,9.941449708666667,,,,7.129043217,2.7061429
CHL,2003,9.821923199,,,,6.848609595,2.77314019
CHL,2004,10.182991246999999,,,,6.781705606,2.72724271
CHL,2005,9.593338099333332,,,,6.646192608,2.605937
CHL,2006,9.828389957,,,,6.984513808,2.51085305
CHL,2007,10.714830024666668,,,,7.071515181,2.62537217
CHL,2008,11.833683225333333,,,,7.199575293,2.93340087
CHL,2009,12.203865797,,,,7.201227546,3.39756632
CHL,2010,11.107584274333334,,,,7.249117545,3.21233106
CHL,2011,11.097158109666665,,,2.78,7.23500935,3.2064569
CHL,2012,9.931608929333335,,,,7.206328227,3.36484623
CHL,2013,9.272817806666666,,,,7.138757623,3.56203961
CHL,2014,9.390737066333333,,,,7.17380029,3.74321032
CHL,2015,9.483968404,,,,7.230302763,4.01006603
CHL,2016,9.456831734666666,6.96967,0.17452,,7.226085984,4.24912882
CHL,2017,9.139878366333333,,,,7.144447122,4.58157396
CHL,2018,8.621324903333333,,,,6.982723482,4.68868828
CHL,2019,8.762457021666666,,,,6.926744183,4.77255917
CHL,2020,7.336127454666666,,,,7.089411472,5.48000908
CHL,2021,6.861531752,,,,7.120932683,5.21842861
CHL,2022,,,,,6.985860375,5.09029913
CHL,2023,,,,,6.581187225,5.25075579
CHL,2024,,,,,6.581187225,
CHN,2000,16.655624666666665,,,,3.618128504,0.97868848
CHN,2001,16.061727693333335,,,,3.618128504,0.96197265
CHN,2002,15.558616473333332,,,,3.381190963,1.09706461
CHN,2003,15.372612073333334,,,,3.259924594,1.23556411
CHN,2004,15.103887916666666,,,,3.275329096,1.27916729
CHN,2005,14.055454376666667,,,,3.477483283,1.34709895
CHN,2006,12.578822446666669,,,,3.850084735,1.36572993
CHN,2007,11.554022857333335,,,,4.263600873,1.41172099
CHN,2008,10.859380772333333,,,,4.746336027,1.70800281
CHN,2009,10.277699401666666,,,,5.306611245,2.1124301
CHN,2010,9.655646842666666,,,,5.951616906,2.15837073
CHN,2011,8.949471408666668,,,,6.561094667,2.29242587
CHN,2012,8.30636435,,,,6.992899734,2.50277305
CHN,2013,7.888022222333333,,,,7.24427191,2.64646387
CHN,2014,7.602714088666667,,,,7.375715154,2.74482822
CHN,2015,7.359538891666666,2.1991,,,7.443238475,2.92099118
CHN,2016,7.2332987200000005,,,,7.277814181,2.83731437
CHN,2017,7.131574774666667,,,,6.632529569,2.81638408
CHN,2018,7.109398253999999,,,,5.823981926,2.85993624
CHN,2019,7.0370527329999994,,,,5.095621552,2.94739079
CHN,2020,6.965978190333334,,,,4.781328748,3.01223373
CHN,2021,6.883606881333333,,,,4.529429279,2.8417747
CHN,2022,,,,,4.123416145,3.39281297
CHN,2023,,,,,3.686896961,3.39381886
CHN,2024,,,,,3.686896961,
CIV,2000,11.965248463999998,,,,0.862100538,0.58689862
CIV,2001,11.838094087333333,,,,0.862100538,0.50978333
CIV,2002,11.687266217666666,,,,0.886807077,0.54329485
CIV,2003,11.637156581333334,,,,0.922828748,0.5154925
CIV,2004,10.811276833666668,,,,1.459514114,0.5599317
CIV,2005,10.877515673333333,,,,1.925209021,0.52909023
CIV,2006,10.986037384333335,,,,2.432007803,0.5577988
CIV,2007,11.36937921,,,,2.460635261,0.67966127
CIV,2008,11.831681312666667,,,,2.493808968,0.67955697
CIV,2009,12.875902969666667,,,,2.555444723,0.83744568
CIV,2010,14.442508320666667,,,,2.634226519,0.83997321
CIV,2011,14.999723991333335,,,,2.754248109,0.57983553
CIV,2012,15.249484759666666,,,,2.833999059,0.74607307
CIV,2013,15.204456562999999,,,,2.976423581,0.7278282
CIV,2014,14.587472779999999,,,,3.170735099,0.77760309
CIV,2015,13.814946307,,,,3.337205019,0.80445331
CIV,2016,13.472119708,0.12982,0.01298,,3.467781757,0.85302079
CIV,2017,13.288483845,,,,3.590596686,0.93267012
CIV,2018,13.316153984666665,,,,3.755704334,0.89862597
CIV,2019,13.271494319,,,,3.919816068,0.96328849
CIV,2020,13.052450245000001,,,,4.049001224,1.33183074
CIV,2021,12.600301661333333,,,,4.170944136,1.59011114
CIV,2022,,,,,4.185779879,1.49067545
CIV,2023,,,,,4.176119351,1.40123832
CIV,2024,,,,,4.176119351,
CMR,2000,13.055779085333334,,,,10.768092888,0.64510846
CMR,2001,13.912388793666667,,,,10.768092888,0.7802825
CMR,2002,13.810514502333334,,,,11.067114414,0.89175522
CMR,2003,14.023171265,,,,11.170338643,0.8576715
CMR,2004,13.780760050666666,,,,11.191621463,0.70553547
CMR,2005,14.048246797333334,,,,11.195935725,0.65208685
CMR,2006,14.038280486666666,,,,11.213778208,0.64810383
CMR,2007,14.161768272333333,,,,11.338262179,0.56892991
CMR,2008,14.268032932666666,,,,11.674880202,0.55071974
CMR,2009,14.256529151666667,,,,11.99686637,0.44800821
CMR,2010,14.317915845000002,,,,12.224956138,0.4063552
CMR,2011,14.378564994333333,,,0.26,12.414984875,0.5729565
CMR,2012,14.583297959,,,,12.659455663,0.64008772
CMR,2013,14.844839839666667,,,,12.890683965,0.4803811
CMR,2014,14.997746514,,,,12.774669879,0.58977377
CMR,2015,14.57963332,,,,12.379657975,0.36383638
CMR,2016,14.361310122,,,,11.99165131,0.36593068
CMR,2017,14.099778979666667,,,,11.726606529,0.14120807
CMR,2018,13.900902381,,,,12.027113875,0.35133773
CMR,2019,13.907175256333332,,,,12.145183877,0.40687224
CMR,2020,13.807746677333334,,,,12.512721102,0.60675448
CMR,2021,14.073309890666666,,,,12.59074921,0.48882192
CMR,2022,,,,,12.831792034,0.66833162
CMR,2023,,,,,12.942713121,0.66923392
CMR,2024,,,,,12.942713121,
COD,2000,14.759039199999998,,,,0.640864574,0.06221032
COD,2001,14.841863845333334,,,,0.640864574,0.10641284
COD,2002,14.849787520666666,,,,0.620600763,0.10429236
COD,2003,15.201252354,,,,0.659483705,0.22955258
COD,2004,15.145249374666667,,,,0.741459367,0.2026829
COD,2005,15.018899311,,,,0.874592749,0.20690806
COD,2006,14.863594282666668,,,,1.031700398,0.21125633
COD,2007,15.143321695,,,,1.199661162,0.21943448
COD,2008,15.277064605333335,,,,1.316150679,0.25156215
COD,2009,14.986205627666665,,,,1.458172757,0.30943882
COD,2010,15.040487821333334,,,,1.589209593,0.38362399
COD,2011,15.000007290333334,,,,1.740538133,0.34667644
COD,2012,14.997880702666665,,,,1.889970674,0.51978379
COD,2013,15.049689225,,,,1.978624641,0.46684277
COD,2014,15.105497944000001,,,,1.908182579,0.51571059
COD,2015,15.089183615666668,,,,1.764208418,0.62508768
COD,2016,15.295505718000001,,,,1.609339306,0.53029794
COD,2017,15.648025742000002,,,,1.55703815,0.39801776
COD,2018,15.737455885333333,,,,1.496793737,0.48873118
COD,2019,15.293931086666667,,,,1.426966273,0.55490303
COD,2020,15.558746166666666,,,,1.435506614,0.63877279
COD,2021,16.141445554333334,,,,1.424705025,0.64831114
COD,2022,,,,,1.542544805,0.72449565
COD,2023,,,,,1.599112677,0.68990564
COD,2024,,,,,1.599112677,
COG,2000,21.936095323333333,,,,1.928315155,0.51469523
COG,2001,19.59916313,,,,1.928315155,0.96511757
COG,2002,17.854978585666668,,,,1.997691182,0.43198308
COG,2003,16.39085603166667,,,,2.069004167,0.50115985
COG,2004,16.598125753999998,,,,2.21927179,0.43517572
COG,2005,15.980243016000001,,,,2.542383592,0.43213499
COG,2006,14.50816577,,,,3.019578806,0.55492193
COG,2007,14.412679550666667,,,,3.423523451,0.58651859
COG,2008,14.142122454666668,,,,3.73976772,1.09928632
COG,2009,14.473179989000002,,,,4.065555927,0.61770952
COG,2010,14.084147937333334,,,,4.330050696,0.8283878
COG,2011,13.779526732666667,,,,4.526142893,0.65133953
COG,2012,14.051678259666666,,,,4.613069802,0.81893653
COG,2013,13.406506976333333,,,,4.671151477,0.93664998
COG,2014,12.827367754666668,,,,4.668001871,0.94694966
COG,2015,12.001933748666666,,,,4.676672926,1.11883152
COG,2016,11.685265972333331,0.08007,0.04003,,4.602919962,1.11958003
COG,2017,11.560291171666668,,,,4.540722818,0.90735477
COG,2018,11.703565810999999,,,,4.401978573,0.62025368
COG,2019,12.185409790333333,,,,4.182713176,1.02925241
COG,2020,11.611889663333335,,,,4.002899593,1.73444974
COG,2021,11.417995539000001,,,,3.824707223,1.72020531
COG,2022,,,,,3.869826577,0.80518568
COG,2023,,,,,3.875166948,1.12095106
COG,2024,,,,,3.875166948,
COK,2000,,,,,1.966588544,2.73939753
COK,2001,,,,,1.966588544,2.90957308
COK,2002,,,,,2.66076674,3.06755757
COK,2003,,,,,3.363414244,2.7240479
COK,2004,,,,,4.771799555,2.75111485
COK,2005,,,,,4.216929667,2.94181728
COK,2006,,,,,4.787256828,2.93108749
COK,2007,,,,,4.961703029,2.89689398
COK,2008,,,,,5.847198168,2.87410927
COK,2009,,,,,6.794488282,3.17298222
COK,2010,,,,,6.177238666,3.23664665
COK,2011,,,,,7.401252054,3.15653372
COK,2012,,,,,7.811427383,2.82279992
COK,2013,,,,,9.902217599,2.86171961
COK,2014,,,,,10.185230528,3.03131819
COK,2015,,,,,10.364906195,2.50347328
COK,2016,,5.73099,,,10.684345332,2.82157469
COK,2017,,,,,10.303677983,2.10630798
COK,2018,,,,,10.079313143,2.38140249
COK,2019,,,,,10.216928289,2.88481951
COK,2020,,,,,10.770132284,5.50527954
COK,2021,,,,,11.046977717,6.44273472
COK,2022,,,,,10.647682989,5.31951904
COK,2023,,,,,10.217121684,3.68594861
COK,2024,,,,,10.217121684,
COL,2000,5.623043913666667,,,,5.462926805,4.20017815
COL,2001,5.527287912333333,,,,5.462926805,4.4598279
COL,2002,5.079639942,,,,5.244432992,4.36780405
COL,2003,5.058731522666666,,,,5.038616569,4.46871901
COL,2004,5.068056597,,,,4.776667932,4.26406574
COL,2005,4.628117195333333,,,,4.699504003,4.35741234
COL,2006,4.604822199,,,,4.647478498,4.56696033
COL,2007,4.476123617,,,,4.627608093,4.58606243
COL,2008,4.503784583333334,,,,4.593280855,4.74562693
COL,2009,4.324021480666667,,,,4.554388758,5.26797438
COL,2010,4.0520810696666665,,,,4.521090744,5.10725737
COL,2011,3.872655347666667,,,,4.533197342,4.98383522
COL,2012,3.9409965503333333,,,,4.52913155,4.7128706
COL,2013,3.799714126,,,,4.425769426,4.90206432
COL,2014,3.8553800806666665,,,,4.333315687,5.05892658
COL,2015,4.158387856666667,,,,4.255659048,5.32889223
COL,2016,4.294777293666667,1.83501,0.22186,,4.195314258,5.29663372
COL,2017,4.569066895333333,,,,4.122969279,5.4549818
COL,2018,4.937106646333333,,,,4.050177226,5.38843489
COL,2019,4.962700407333333,,,,3.855007302,5.47731161
COL,2020,4.669697672333333,,,,3.998537832,6.18919849
COL,2021,4.798875193,,,,4.317674607,6.64501476
COL,2022,,,,,4.773816905,5.34694386
COL,2023,,,,,4.871211853,5.73787117
COL,2024,,,,,4.871211853,
COM,2000,11.770492299666666,,,,0.088007478,0.89172548
COM,2001,11.435891605,,,,0.088007478,0.5343321
COM,2002,11.089940962999998,,,,0.104012939,0.95670593
COM,2003,10.529174339666666,,,,0.119880696,0.85293937
COM,2004,10.300929152,,,,0.119041081,0.79133189
COM,2005,9.880893108666667,,,,0.100742958,0.69428998
COM,2006,9.895260872666666,,,,0.083194749,0.6453765
COM,2007,9.700249842333333,,,,0.082397692,0.56597984
COM,2008,9.783355349333332,,,,0.082178245,0.43337327
COM,2009,9.459548861666667,,,,0.081757368,0.37907231
COM,2010,9.961267084333334,,,,0.082214051,0.37668347
COM,2011,9.546110500333333,,,,0.095931512,0.9567222
COM,2012,9.609930685666667,,,,0.109329031,0.79534382
COM,2013,9.560757220333334,,,,0.122440047,0.65978307
COM,2014,9.825176831,,,,0.108616809,0.55491424
COM,2015,9.694689119666666,,,,0.11876339,0.46612623
COM,2016,9.644946487333334,,,,0.128071681,0.57399994
COM,2017,9.395273890333334,0.12863,0.12863,,0.149897724,0.67584765
COM,2018,9.310008391666667,,,,0.148045288,0.76553828
COM,2019,9.178383801333334,,,,0.144450444,0.83244753
COM,2020,9.290179591,,,,0.14273046,1.29287672
COM,2021,8.917255296,,,,0.14013312,0.94517165
COM,2022,,,,,0.13935751,0.8734315
COM,2023,,,,,0.137532707,0.84639359
COM,2024,,,,,0.137532707,
CPV,2000,18.816683169666668,,,,2.226661854,2.75231051
CPV,2001,18.567583051,,,,2.226661854,2.69890738
CPV,2002,18.59047787733333,,,,2.797478515,2.71163344
CPV,2003,18.352007709666665,,,,3.293105287,2.66076279
CPV,2004,18.183666061333334,,,,3.752951399,2.5304296
CPV,2005,18.934712198666666,,,,3.874609088,2.30860901
CPV,2006,18.176747377999998,,,,4.341069909,2.53359437
CPV,2007,18.139822241666668,,,,4.366118342,2.73044729
CPV,2008,18.284118101333334,,,,4.075607392,2.23800421
CPV,2009,18.436795910666664,,,,3.787389828,2.54577112
CPV,2010,18.482200456333334,,,,3.860997287,2.58053112
CPV,2011,18.246044007,,,,3.90556022,2.61180115
CPV,2012,18.178225685666668,,,,3.52451598,2.79963088
CPV,2013,18.149314214666664,,,,3.339041118,2.78713155
CPV,2014,17.742711024,,,,3.490658276,2.77216268
CPV,2015,17.353546508333334,,,,3.935001798,2.89664817
CPV,2016,16.835909798333333,,,,4.328486222,2.76934814
CPV,2017,16.786249105,,0.56294,,4.53167542,2.55316591
CPV,2018,17.301609019333334,,,,4.59212001,3.10238695
CPV,2019,17.191655229666665,,,,4.528448108,3.24034405
CPV,2020,16.321371183,,,,4.536044308,4.64176846
CPV,2021,17.09476771866667,,,,4.330369784,4.58503008
CPV,2022,,,,,4.225850786,4.16780281
CPV,2023,,,,,4.070937817,3.42531776
CPV,2024,,,,,4.070937817,
CRI,2000,6.502090411,,,,4.100056294,4.262187
CRI,2001,5.309509454666667,,,,4.100056294,4.24420071
CRI,2002,6.906193218333333,,,,4.046243356,4.5927887
CRI,2003,7.8086311156666675,,,,4.026191459,4.62578392
CRI,2004,8.003741746666666,,,,4.041955627,4.37697315
CRI,2005,6.471544915,,,,4.099206255,4.26226091
CRI,2006,8.069541317,,,,4.167490362,4.58488178
CRI,2007,5.553320776333334,,,,4.231744933,4.63239908
CRI,2008,5.432180638666668,,,,4.247464851,5.06513548
CRI,2009,5.533334711666666,,,,4.090160576,5.57623196
CRI,2010,6.493139647333334,,,,3.89023325,5.80644417
CRI,2011,6.440602413000001,,,2.91,3.704322263,5.70106649
CRI,2012,6.114429938333334,,,,3.604188508,5.503479
CRI,2013,6.228726229666667,,,,3.56446087,5.45445585
CRI,2014,5.169931909,,,,3.562766308,5.44291878
CRI,2015,6.151775106,,,,3.668706386,5.51982594
CRI,2016,6.558243610333332,3.93107,0.0416,,3.690051674,5.36528826
CRI,2017,5.324445721333333,,,,3.713523289,5.1788969
CRI,2018,7.179427497,,,,3.603433409,5.27453423
CRI,2019,6.708137525333334,,,,3.599615931,5.23799706
CRI,2020,6.066604308333333,,,,3.654693641,5.61917973
CRI,2021,7.609867166000001,,,,3.855849441,5.35382223
CRI,2022,,,,,3.949124432,4.95363188
CRI,2023,,,,,3.952322138,4.61124086
CRI,2024,,,,,3.952322138,
CUB,2000,15.692484055,,,,5.497301821,5.50884342
CUB,2001,13.767847945,,,,5.497301821,5.6706562
CUB,2002,12.949188922333335,,,,5.672894709,5.72780991
CUB,2003,12.058315907333332,,,,5.804919326,5.64911461
CUB,2004,12.085410947999998,,,,5.944419016,5.4684186
CUB,2005,11.173745258666665,,,,5.864479259,7.43015385
CUB,2006,10.734652042333332,,,,5.769358186,7.08049011
CUB,2007,10.023275403333333,,,,5.691649134,9.8824482
CUB,2008,10.460175696666665,,,,5.623957636,10.29249096
CUB,2009,11.124375825666666,,,,5.614068889,11.28293419
CUB,2010,11.503226101000001,,,,5.57130936,9.70249748
CUB,2011,11.185060164666666,,,,5.630136055,10.06710052
CUB,2012,10.816540572,,,,5.665317429,8.06292343
CUB,2013,10.732919567000001,,,,5.753148492,9.1383667
CUB,2014,10.277948213666667,,,,5.888208375,10.95755768
CUB,2015,10.483940645333334,,,,5.973352718,11.57499027
CUB,2016,9.841677216333332,9.05646,0.14832,,6.029133084,10.94796658
CUB,2017,10.688084425333335,,,,6.069310316,10.2355442
CUB,2018,10.162283283333334,,,,6.151653234,9.77753925
CUB,2019,9.671041289333333,,,,5.971768703,9.86760807
CUB,2020,10.048004457666666,,,,5.742247713,11.3656826
CUB,2021,9.416444982,,,,5.52056524,12.62847614
CUB,2022,,,,,5.531307321,10.47128963
CUB,2023,,,,,5.526274052,7.82557917
CUB,2024,,,,,5.526274052,
CUW,2000,,,,,5.512641669,
CUW,2001,,,,,5.512641669,
CUW,2002,,,,,5.410400044,
CUW,2003,,,,,5.163120579,
CUW,2004,,,,,4.945131362,
CUW,2005,,,,,4.874222409,
CUW,2006,,,,,4.869972521,
CUW,2007,,,,,5.208500338,
CUW,2008,,,,,5.627085218,
CUW,2009,,,,,6.128916657,
CUW,2010,,,,,8.522502746,
CUW,2011,,,,,10.857844614,
CUW,2012,,,,,13.076266301,
CUW,2013,,,,,13.121848691,
CUW,2014,,,,,13.080025921,
CUW,2015,,,,,13.05618934,
CUW,2016,,,,,13.076394862,
CUW,2017,,,,,12.852631408,
CUW,2018,,,,,12.657678776,
CUW,2019,,,,,11.98587286,
CUW,2020,,,,,11.703048232,
CUW,2021,,,,,11.473267831,
CUW,2022,,,,,12.419171821,
CUW,2023,,,,,13.228567414,
CUW,2024,,,,,13.228567414,
CYM,2000,,,,,11.400064872,
CYM,2001,,,,,11.400064872,
CYM,2002,,,,,11.880811293,
CYM,2003,,,,,12.316975788,
CYM,2004,,,,,13.351684194,
CYM,2005,,,,,13.488196165,
CYM,2006,,,,,13.653161066,
CYM,2007,,,,,13.25666099,
CYM,2008,,,,,13.618176613,
CYM,2009,,,,,13.261752101,
CYM,2010,,,,,13.17836541,
CYM,2011,,,,,12.780237405,
CYM,2012,,,,,12.80695462,
CYM,2013,,,,,12.682023734,
CYM,2014,,,,,12.75514676,
CYM,2015,,,,,13.161289965,
CYM,2016,,,,,13.846619799,
CYM,2017,,,,,14.166410016,
CYM,2018,,,,,14.381555585,
CYM,2019,,,,,13.653756018,
CYM,2020,,,,,12.952467808,
CYM,2021,,,,,12.14782071,
CYM,2022,,,,,11.929134521,
CYM,2023,,,,,11.696601231,
CYM,2024,,,,,11.696601231,
CYP,2000,1.8307033576666667,,,,6.200876891,2.18027377
CYP,2001,1.8746134446666665,,,,6.200876891,2.233531
CYP,2002,1.926579542,,,,6.307605235,2.49221182
CYP,2003,1.9364416096666668,,,,6.378207174,2.47707176
CYP,2004,0.8356045980000001,,,,6.300935973,2.23180842
CYP,2005,2.1457323366666667,,,,6.095424622,2.25430155
CYP,2006,3.0428591373333327,,,,5.906731369,2.34010673
CYP,2007,2.6882217139999995,,,,5.973156064,2.31242609
CYP,2008,5.393007877666666,,,,6.016209654,2.50267649
CYP,2009,3.9633713363333336,,,,6.028952117,2.74965072
CYP,2010,4.564293205,,,,5.918553164,2.97370887
CYP,2011,3.7854259470000002,,,4.82,5.855898771,3.04867911
CYP,2012,5.066416071,,,,5.576632669,3.00121903
CYP,2013,5.248692782666667,,,,5.402849645,3.15601254
CYP,2014,4.910327919,,,,5.24908153,2.94708562
CYP,2015,4.314006118,,0.17227,,5.318044836,2.85704303
CYP,2016,4.545660022,,,,5.365484008,2.79585361
CYP,2017,3.984929938666667,,,,5.412025018,2.74640369
CYP,2018,4.986649648333334,,,,5.358001404,2.85127211
CYP,2019,3.894334201,,,,4.93708493,3.79063916
CYP,2020,3.2525240780000004,,,,4.608744196,6.21329498
CYP,2021,2.6412290296666665,,,,4.432810972,6.97802401
CYP,2022,,,,,4.701700002,6.32030439
CYP,2023,,,,,4.859476024,6.23445129
CYP,2024,,,,,4.859476024,
CZE,2000,13.760236305,,,,14.839619923,5.02878523
CZE,2001,13.549930768333335,,,,14.839619923,5.10241747
CZE,2002,12.724283116333334,,,,14.820680178,5.41353321
CZE,2003,14.103134463666668,,,,14.739589144,5.68778181
CZE,2004,13.459950374000002,,,,14.683823466,5.54793978
CZE,2005,12.907444006333334,,,,14.571574154,5.39933109
CZE,2006,11.760295728666668,,,,14.678619169,5.27117157
CZE,2007,11.491998792333334,,,,14.659537838,5.01941013
CZE,2008,11.580517103333335,,,,14.617224462,5.13391018
CZE,2009,12.037085788333334,,,,14.276697022,6.02147913
CZE,2010,12.131328384999998,,,,13.957815457,6.34771013
CZE,2011,13.086158828666667,,,2.91,13.777126598,6.3153348
CZE,2012,13.233052996333333,,,,13.73244384,6.37927723
CZE,2013,12.889138762333333,,,,13.785051688,6.29084349
CZE,2014,11.821668417666666,,,,13.756637551,6.33035374
CZE,2015,10.603388163666667,12.36354,0.28292,,13.868549968,6.15198898
CZE,2016,10.534645694333333,,,,13.857511022,6.18802738
CZE,2017,11.305274797666668,,,,13.923313099,6.12094069
CZE,2018,10.996307896333333,,,,13.961175219,6.24047327
CZE,2019,9.64733749,,,,13.931672408,6.33127356
CZE,2020,10.001296850666668,,,,13.820742296,7.89175224
CZE,2021,10.414645490333333,,,,13.700123318,7.91902399
CZE,2022,,,,,13.630943464,7.18070936
CZE,2023,,,,,13.516345039,7.10716867
CZE,2024,,,,,13.516345039,
DEU,2000,11.326179736,,,,13.431683143,7.65972042
DEU,2001,11.296427530333332,,,,13.431683143,7.67568636
DEU,2002,11.243852243000001,,,,13.190749281,7.83683252
DEU,2003,11.028281850333334,,,,12.991124285,7.94904518
DEU,2004,10.613120685,,,,12.832836501,7.59995461
DEU,2005,10.009803933999999,,,,12.795578052,7.68023539
DEU,2006,9.459342197666667,,,,12.629536176,7.53175783
DEU,2007,9.089896015333332,,,,12.509181642,7.43098545
DEU,2008,9.176493533333334,,,,12.257506888,7.59074497
DEU,2009,9.260862864,,,,12.008750223,8.33827019
DEU,2010,9.678106882,,,,11.997423006,8.23746395
DEU,2011,9.444004651333334,,,11.0,12.061915465,7.97318602
DEU,2012,9.155625691666666,,,,12.239060137,8.03190994
DEU,2013,9.389631827666667,,,,12.160605204,8.24677086
DEU,2014,9.358770598,,,,12.037389727,8.33346176
DEU,2015,9.156934528333332,13.20192,0.49077,,11.940940339,8.45390797
DEU,2016,8.935899673666666,,,,11.831367786,8.53130817
DEU,2017,8.463272620666666,,,,11.821354342,8.63574028
DEU,2018,8.556946775333333,,,,11.671654071,8.7105999
DEU,2019,8.261136482333333,,,,11.459210123,8.89676571
DEU,2020,8.446757852333333,,,,11.191908377,9.87329006
DEU,2021,8.222062421666667,,,,11.103373139,10.12237358
DEU,2022,,,,,10.95646447,10.01671791
DEU,2023,,,,,10.927582076,9.29177761
DEU,2024,,,,,10.927582076,
DJI,2000,8.828651894333333,,,,0.057104833,1.4098289
DJI,2001,9.01751873,,,,0.057104833,1.25085211
DJI,2002,9.654773858,,,,0.056522391,1.28561246
DJI,2003,10.086390302666667,,,,0.056868671,1.50298142
DJI,2004,10.293403237333333,,,,0.191446275,1.43785477
DJI,2005,9.983088290666666,,,,0.320250378,1.39653015
DJI,2006,9.692100933666666,,,,0.442732266,1.72493029
DJI,2007,9.85745125,,,,0.422430245,1.73417449
DJI,2008,9.251626423333333,,,,0.406875111,1.83015931
DJI,2009,9.543680811,,,,0.409698004,1.90362072
DJI,2010,9.235115850666666,,,,0.42091765,1.85621846
DJI,2011,9.466553788333334,,,,0.425449834,2.14218068
DJI,2012,9.655713731333334,,,,0.42288587,1.88866687
DJI,2013,9.825024407,,,,0.416356331,1.8059175
DJI,2014,10.519457130666666,,,,0.407210364,1.76028001
DJI,2015,10.333642012666667,,,,0.388928191,1.70769882
DJI,2016,10.637031799666666,,,,0.361632164,1.32919765
DJI,2017,10.818381721,,,,0.333102038,1.1462568
DJI,2018,10.849439160000001,,,,0.308645326,1.33991563
DJI,2019,10.551911431333332,,,,0.305555316,1.28569102
DJI,2020,10.503119519333334,,,,0.322011168,1.07290661
DJI,2021,10.263581956333333,,,,0.350802257,0.76665086
DJI,2022,,,,,0.337641761,1.06819105
DJI,2023,,,,,0.327174436,1.05232239
DJI,2024,,,,,0.327174436,
DMA,2000,,,,,8.259860288,3.36023808
DMA,2001,,,,,8.259860288,2.57100463
DMA,2002,,,,,8.184700616,2.43640971
DMA,2003,,,,,8.109322421,2.70172191
DMA,2004,,,,,8.055315415,2.57289863
DMA,2005,,,,,7.909286484,2.79434443
DMA,2006,,,,,8.076280298,2.69501734
DMA,2007,,,,,8.099949139,2.52050734
DMA,2008,,,,,8.240515541,2.61492229
DMA,2009,,,,,8.146668696,2.67258692
DMA,2010,,,,,8.170209133,2.95949578
DMA,2011,,,,3.22,8.103035735,3.15106702
DMA,2012,,,,,8.069701216,3.48056149
DMA,2013,,,,,8.007367677,3.28141499
DMA,2014,,,,,7.999109016,3.21116447
DMA,2015,,,,,7.99710815,3.25268769
DMA,2016,,,,,7.945897052,3.33051729
DMA,2017,,,,,7.75858574,3.76958227
DMA,2018,,,,,7.575780942,4.10668468
DMA,2019,,,,,7.406604702,3.33201027
DMA,2020,,,,,7.43877583,3.79538107
DMA,2021,,,,,7.462380277,4.03373861
DMA,2022,,,,,7.387755975,4.50941896
DMA,2023,,,,,7.336471545,3.36183167
DMA,2024,,,,,7.336471545,
DNK,2000,12.535837197666666,,,,12.579677001,6.74005842
DNK,2001,12.460726488666666,,,,12.579677001,7.04253101
DNK,2002,11.457459476333334,,,,12.530834599,7.28696489
DNK,2003,10.553667496666668,,,,12.432355289,7.4598999
DNK,2004,11.408121515333335,,,,12.324677096,7.50731468
DNK,2005,11.127629465333333,,,,12.04663263,7.59320974
DNK,2006,11.283065527666666,,,,11.852968314,7.67629194
DNK,2007,9.726802122,,,,11.642643074,7.78667593
DNK,2008,10.051372900333334,,,,11.350956519,7.95498371
DNK,2009,9.696470799333333,,,,11.128429012,8.97689438
DNK,2010,8.873637031333333,,,,11.071165327,8.92905712
DNK,2011,9.596558572666666,,,,10.819789416,8.72731876
DNK,2012,9.927081768666667,,,,10.57936582,8.88669872
DNK,2013,9.034101587666667,,,,10.281508021,8.69767475
DNK,2014,9.084912038,,,,10.310183533,8.70941639
DNK,2015,8.217696319,,,,10.283968426,8.74188137
DNK,2016,8.254537296666667,,,,10.148663245,8.65580463
DNK,2017,8.214311127666667,,,,10.084978599,8.49121284
DNK,2018,8.065706710333332,,,,9.928943544,8.49359703
DNK,2019,8.126112141666667,,,,10.000647092,8.52554512
DNK,2020,8.272833647333334,,,,10.246201919,9.01822376
DNK,2021,7.649112162333334,,,,10.264382408,9.00487709
DNK,2022,,,,,10.03152334,7.99897861
DNK,2023,,,,,9.534876085,7.95977545
DNK,2024,,,,,9.534876085,
DOM,2000,5.250168462,,,,6.206759763,1.71051323
DOM,2001,4.98952288,,,,6.206759763,1.70341122
DOM,2002,4.820355374333333,,,,6.150856491,1.67955506
DOM,2003,4.800593364,,,,5.87407401,1.15990651
DOM,2004,4.9745561506666665,,,,5.636823154,1.14767253
DOM,2005,5.261692195666667,,,,5.480832626,1.39308929
DOM,2006,5.173399043,,,,5.667004523,1.40171933
DOM,2007,5.032860427,,,,5.709935389,1.68479145
DOM,2008,5.004379186,,,,5.579992857,2.12220812
DOM,2009,4.984829637,,,,5.527428162,2.33195949
DOM,2010,4.824787267666667,,,,5.44326786,2.51915145
DOM,2011,4.842734718,,,0.61,5.439523697,2.72904515
DOM,2012,5.467880158333333,,,,5.20654239,2.76918435
DOM,2013,5.829737889666667,,,,5.015412605,2.78379869
DOM,2014,6.6125506173333335,,,,4.850155362,2.46697044
DOM,2015,6.817862395666666,,,,4.748833784,2.37458324
DOM,2016,6.642440724333333,2.27955,0.07598,,4.626524936,2.6700182
DOM,2017,6.972320569333333,,,,4.60342602,2.60838318
DOM,2018,6.485251525,,,,4.688545061,2.57885528
DOM,2019,6.063226481333333,,,,4.813218113,2.66453695
DOM,2020,4.514094019,,,,5.030964015,3.25516009
DOM,2021,4.430306864333333,,,,5.130347477,3.36349916
DOM,2022,,,,,5.216979208,2.81554079
DOM,2023,,,,,5.183760017,2.94757152
DOM,2024,,,,,5.183760017,
DZA,2000,4.131105538666667,,,,0.300795797,2.31351972
DZA,2001,3.9118869926666666,,,,0.300795797,2.69560528
DZA,2002,3.7952245076666666,,,,0.326225331,2.59086323
DZA,2003,3.514343011,,,,0.404934224,2.55061412
DZA,2004,3.320951375,,,,0.450409855,2.3477478
DZA,2005,3.211426528,,,,0.465053957,2.16108608
DZA,2006,3.0740408350000004,,,,0.430269119,2.18395877
DZA,2007,2.9382500616666665,,,,0.390095037,2.52639246
DZA,2008,2.809095811,,,,0.407114788,2.86780095
DZA,2009,2.677100365,,,,0.415980709,3.4677248
DZA,2010,2.5747799773333333,,,,0.42091126,3.22398353
DZA,2011,2.517658425,,,7.37,0.424153336,3.40776706
DZA,2012,2.359293204,,,,0.460804848,4.02772284
DZA,2013,2.3213995290000002,,,,0.495738832,3.91591859
DZA,2014,2.2907374616666667,,,,0.506172947,4.21865416
DZA,2015,2.2202449950000003,,,,0.500877057,4.33925533
DZA,2016,2.1308947046666664,,0.06772,,0.488740064,3.94321752
DZA,2017,2.131926974,,,,0.501672822,3.84453487
DZA,2018,2.166435166,,,,0.505124934,3.84471345
DZA,2019,2.164433333,,,,0.481957931,3.27598047
DZA,2020,1.8473564896666665,,,,0.450970696,3.31185937
DZA,2021,2.312092966333333,,,,0.425100336,2.87333918
DZA,2022,,,,,0.424568361,1.71663105
DZA,2023,,,,,0.42163217,2.30922818
DZA,2024,,,,,0.42163217,
ECU,2000,5.9127164563333325,,,,4.293699701,1.00422108
ECU,2001,6.138940006666666,,,,4.293699701,1.32788515
ECU,2002,5.861252499666667,,,,4.28813074,1.49090707
ECU,2003,6.619392736666666,,,,4.26107955,1.74713385
ECU,2004,7.380969650666667,,,,4.233000169,1.8013922
ECU,2005,8.884924175666667,,,,4.1773904,1.7340647
ECU,2006,8.249637347666667,,,,4.121130304,1.86176145
ECU,2007,8.891851165333334,,,,4.177862142,2.17900252
ECU,2008,8.713219109666667,,,,4.268346509,2.18953037
ECU,2009,9.032954117000001,,,,4.351412094,2.55810642
ECU,2010,8.218960546,,,,4.436631114,2.98613954
ECU,2011,8.466589396666667,,,1.2,4.467420803,3.15536475
ECU,2012,8.322809568666665,,,,4.42470239,3.52782917
ECU,2013,6.019444682666666,,,,4.351073798,3.86072373
ECU,2014,6.816702828333334,,,,4.270657505,4.15685654
ECU,2015,8.574390125333332,,,,4.053692054,4.49897623
ECU,2016,8.948581049,0.45836,0.17344,,3.73302037,4.62448025
ECU,2017,9.027809396333334,,,,3.487849967,4.63966084
ECU,2018,8.567856611,,,,3.423369662,4.99487257
ECU,2019,8.497981614,,,,3.179218047,4.91185951
ECU,2020,7.585378371333333,,,,2.952261265,5.27935171
ECU,2021,7.458182052999999,,,,2.883235731,5.314744
ECU,2022,,,,,3.080365446,4.71747446
ECU,2023,,,,,3.214636349,4.6845336
ECU,2024,,,,,3.214636349,
EGY,2000,1.0862081786666666,,,,0.105996955,1.73206902
EGY,2001,1.117039546,,,,0.105996955,1.84800243
EGY,2002,1.1247397876666667,,,,0.10518326,1.8990773
EGY,2003,1.1117716826666666,,,,0.110493022,1.66768789
EGY,2004,1.101292856,,,,0.115228432,1.57912993
EGY,2005,1.0799126523333333,,,,0.121195282,1.5893116
EGY,2006,1.0607213476666666,,,,0.128453761,1.74427283
EGY,2007,1.0354073546666667,,,,0.137371619,1.56855941
EGY,2008,1.0363692546666667,,,,0.140641821,1.53611362
EGY,2009,1.0453929683333334,,,,0.147479853,1.53461063
EGY,2010,1.058885687,,,,0.146507605,1.36768734
EGY,2011,1.104713521,,,2.29,0.151879011,1.47460115
EGY,2012,1.1644379213333333,,,,0.14857114,1.28014243
EGY,2013,1.1521331316666668,,,,0.150517432,1.36696446
EGY,2014,1.1013029019999998,,,,0.14668458,1.41039252
EGY,2015,1.1055042436666667,,,,0.134062497,1.58139753
EGY,2016,1.073668203,1.59952,,,0.118894846,1.56636381
EGY,2017,1.0154902383333333,,,,0.109960868,1.65595341
EGY,2018,1.0109424916666667,,,,0.110121223,1.35182929
EGY,2019,1.0246228793333334,,,,0.101467469,1.29722774
EGY,2020,0.8929459836666668,,,,0.093358645,1.32617092
EGY,2021,0.7370351296666667,,,,0.088611501,1.73679698
EGY,2022,,,,,0.09539414,1.68629062
EGY,2023,,,,,0.103119875,1.57523489
EGY,2024,,,,,0.103119875,
ERI,2000,25.39433140666667,,,,1.062650468,2.05245161
ERI,2001,24.066484353333333,,,,1.062650468,1.79195142
ERI,2002,24.030146220000002,,,,0.966935602,2.11955547
ERI,2003,22.49006147,,,,0.945267105,1.66898465
ERI,2004,22.54598788,,,,0.990866272,1.55933774
ERI,2005,22.681036833333337,,,,1.371526334,0.85298669
ERI,2006,22.800651433333332,,,,2.125845937,0.81826532
ERI,2007,22.50723297,,,,2.092202335,1.21488249
ERI,2008,22.611118533333336,,,,1.901455151,1.64659166
ERI,2009,23.23250079,,,,1.367769163,1.06634021
ERI,2010,22.916280683333337,,,,1.481045077,1.00715244
ERI,2011,22.466406543333335,,,1.91,1.52562411,0.76524723
ERI,2012,22.07741378,,,,1.556160052,0.79066068
ERI,2013,22.16928982,,,,1.545911899,0.776559
ERI,2014,21.711870450000003,,,,1.539880128,0.51250237
ERI,2015,21.57936028,,,,1.510214035,0.73755044
ERI,2016,21.23220744,,0.20631,,1.479719478,0.7340641
ERI,2017,21.24132783,,,,1.445351931,1.00827622
ERI,2018,21.16500767,,,,1.435050037,0.62541473
ERI,2019,20.74511811,,,,1.421676027,0.74166143
ERI,2020,20.540295530333335,,,,1.404621293,0.84150839
ERI,2021,20.76931793,,,,1.384855861,0.88709611
ERI,2022,,,,,1.381717887,0.90046018
ERI,2023,,,,,1.382146745,0.84941107
ERI,2024,,,,,1.382146745,
ESP,2000,6.684328389000001,,,,13.154143488,4.85389185
ESP,2001,6.191874071666667,,,,13.154143488,4.80818558
ESP,2002,6.424015017333333,,,,13.046108092,4.82988739
ESP,2003,6.507007926333333,,,,12.82953418,5.37498569
ESP,2004,6.511758013000001,,,,12.96226036,5.45236444
ESP,2005,6.073902035,,,,12.979316717,5.53586149
ESP,2006,5.699186210000001,,,,12.852008091,5.63825321
ESP,2007,5.5260245963333325,,,,12.650748498,5.71479321
ESP,2008,5.8985285119999995,,,,12.226040816,6.12689114
ESP,2009,5.772119613,,,,11.781171889,6.81394386
ESP,2010,5.190816394666666,,,,11.508107957,6.76060534
ESP,2011,5.205764873333333,,,5.0,11.28818779,6.70592642
ESP,2012,5.748520629333334,,,,11.12817626,6.57172394
ESP,2013,6.277786401666667,,,,11.088825629,6.40668583
ESP,2014,6.337801781333333,,,,11.168549146,6.34630156
ESP,2015,5.773291821000001,9.69445,1.02807,,11.398655444,6.45323324
ESP,2016,5.667291974,,,,11.582433208,6.35498238
ESP,2017,5.834375568333333,,,,11.556826114,6.26789188
ESP,2018,5.592928547333334,,,,11.489200057,6.27582741
ESP,2019,5.867143695,,,,10.84242913,6.39903307
ESP,2020,6.09150902,,,,10.872055914,7.7817421
ESP,2021,6.255056143,,,,11.16799428,7.5110774
ESP,2022,,,,,11.889331028,7.06012344
ESP,2023,,,,,12.072295552,6.74802351
ESP,2024,,,,,12.072295552,
EST,2000,26.082508932666666,,,,7.462852594,3.92115879
EST,2001,26.780314533333335,,,,7.462852594,3.7286675
EST,2002,25.328709779333334,,,,8.018548663,3.57680702
EST,2003,23.407011804333337,,,,8.923517596,3.8824501
EST,2004,22.750686794,,,,9.692475182,3.92235065
EST,2005,19.508221100666663,,,,10.614756467,3.90250659
EST,2006,17.294822779666664,,,,11.168127127,3.69660807
EST,2007,18.44236764733333,,,,11.452525096,3.87619781
EST,2008,17.006962746333333,,,,11.152947768,4.50631046
EST,2009,18.453864080666666,,,,10.563732954,5.22541809
EST,2010,15.343649422666665,,,,10.396727058,4.84003878
EST,2011,14.566393175666667,,,5.78,10.74565473,4.48738861
EST,2012,15.832305422666666,,,,11.312516058,4.53774357
EST,2013,14.669551835,,,,11.50888808,4.61415815
EST,2014,16.345769871666665,,,,11.438119356,4.66695023
EST,2015,13.594830717333332,,,,10.997449892,4.85387135
EST,2016,12.189266943333331,16.18799,0.684,,10.187554485,4.88813353
EST,2017,14.549148239666666,,,,9.01036156,4.75225782
EST,2018,12.450189765,,,,8.153814548,4.82979679
EST,2019,13.056292972000001,,,,8.44905387,4.94378757
EST,2020,14.827352545000002,,,,9.625523925,5.75498247
EST,2021,12.732614386333333,,,,10.446415999,5.68571281
EST,2022,,,,,10.748373987,5.18720722
EST,2023,,,,,10.375513414,5.66041517
EST,2024,,,,,10.375513414,
ETH,2000,14.785092030000001,,,,0.366564322,1.79949319
ETH,2001,14.392340021666667,,,,0.366564322,2.01543713
ETH,2002,14.081188685,,,,0.334900247,2.08121943
ETH,2003,13.735876656,,,,0.336422717,2.27634907
ETH,2004,13.356482578,,,,0.366916421,1.32566774
ETH,2005,12.875030151999999,,,,0.463187161,1.72818744
ETH,2006,12.403321005666667,,,,0.602031105,1.12012815
ETH,2007,12.105682520666667,,,,0.734345297,1.33306754
ETH,2008,11.913451416333332,,,,0.814456391,0.51424927
ETH,2009,11.608930697,,,,0.807200021,0.90700704
ETH,2010,11.344809308,,,,0.83417156,0.94396317
ETH,2011,11.170596650333332,,,,0.920085297,0.3811754
ETH,2012,10.851307015666665,,,,1.024569156,1.06663179
ETH,2013,10.081253153666667,,,,1.145574328,1.09967208
ETH,2014,9.856166638333333,,,,1.27292146,0.71479559
ETH,2015,10.200645779,,,,1.491282499,0.96540898
ETH,2016,10.206583268333333,,,,1.711204096,0.90002954
ETH,2017,10.179580348666667,0.0761,0.05207,,1.981265461,0.8612687
ETH,2018,10.353074387,,,,2.256167683,0.76642609
ETH,2019,10.439776830666666,,,,2.340944617,0.73088509
ETH,2020,10.807839569333334,,,,2.338901993,0.98278511
ETH,2021,10.966763048333334,,,,2.242507934,0.97926205
ETH,2022,,,,,2.280442839,0.72080112
ETH,2023,,,,,2.266387275,0.614245
ETH,2024,,,,,2.266387275,
FIN,2000,21.550131376666666,,,,11.949678189,5.37329912
FIN,2001,21.470141013,,,,11.949678189,5.52700138
FIN,2002,19.510185736666667,,,,12.20630256,5.86146975
FIN,2003,19.136681572333334,,,,12.623489166,6.13868189
FIN,2004,19.027201668,,,,12.952011452,6.2737546
FIN,2005,17.062067287666668,,,,13.320641271,6.44950962
FIN,2006,18.333123552,,,,13.541246494,6.52460337
FIN,2007,17.031262341666665,,,,13.629206834,6.35588789
FIN,2008,18.148598847,,,,13.482044697,6.57707214
FIN,2009,17.85510813566667,,,,13.122694264,7.24022865
FIN,2010,16.511549096,,,,12.898205432,7.18030024
FIN,2011,15.446516072,,,3.86,12.677661102,7.31418705
FIN,2012,14.785869178666667,,,,12.580582911,7.67503309
FIN,2013,15.057162506666666,,,,12.323347055,7.82302523
FIN,2014,13.774895417666665,,,,12.128707047,7.8208828
FIN,2015,12.198039137,,,,11.847351916,7.6206398
FIN,2016,13.313607484,,,,11.601546251,7.3601203
FIN,2017,14.078902765999999,23.58643,0.74791,,11.439597244,7.17050409
FIN,2018,13.681946940000001,,,,11.171506954,7.1532836
FIN,2019,13.021807682,,,,10.722450652,7.39612961
FIN,2020,12.775612325666666,,,,10.165421844,7.88914347
FIN,2021,12.599085805333331,,,,9.85741492,8.06121445
FIN,2022,,,,,9.606061044,7.96152925
FIN,2023,,,,,9.389772013,8.49943733
FIN,2024,,,,,9.389772013,
FJI,2000,11.388772238666666,,,,1.65958919,2.63133216
FJI,2001,10.975458689666667,,,,1.65958919,2.08654332
FJI,2002,10.65340078,,,,1.595645969,2.20177889
FJI,2003,10.359611782666667,,,,1.701615858,2.22326541
FJI,2004,9.877143481666666,,,,1.783349244,2.21771884
FJI,2005,10.084826741999999,,,,1.927887459,2.41684818
FJI,2006,9.732965167,,,,2.047815332,2.47551131
FJI,2007,9.832334409,,,,2.15834304,2.46818185
FJI,2008,9.997091329666667,,,,2.138463877,2.21144366
FJI,2009,10.163984967666666,,,,1.957104241,2.19237089
FJI,2010,10.182477573,,,,1.757154913,2.18311381
FJI,2011,10.309883777000001,,,1.9,1.718479016,1.88993454
FJI,2012,10.40672197,,,,1.734520159,1.91403711
FJI,2013,10.429753732,,,,1.801244908,1.87162006
FJI,2014,10.161984537,,,,1.952275081,2.0661068
FJI,2015,9.839649182999999,,,,2.058092658,2.09847856
FJI,2016,9.795466403,0.22418,0.33627,,2.298185557,2.09586525
FJI,2017,10.038357342666666,,,,2.444966247,2.11070943
FJI,2018,9.942019777666667,,,,2.490537013,2.4660871
FJI,2019,9.820299210666667,,,,2.523955329,2.64242482
FJI,2020,9.773451142333334,,,,2.405138005,3.00008559
FJI,2021,8.587691419,,,,2.511321169,3.65724373
FJI,2022,,,,,2.936272524,3.196064
FJI,2023,,,,,3.508958736,2.70261335
FJI,2024,,,,,3.508958736,
FRA,2000,16.27659952033333,,,,14.728262557,6.99467659
FRA,2001,15.807848894333333,,,,14.728262557,7.0991745
FRA,2002,15.998213195,,,,14.577754422,7.36042738
FRA,2003,16.180704069666664,,,,14.276355985,7.36141872
FRA,2004,15.661654643,,,,13.96737608,7.4183507
FRA,2005,15.135231328333333,,,,13.873991788,7.42688227
FRA,2006,14.596896142,,,,13.78674302,7.41077948
FRA,2007,14.094747970999999,,,,13.656124378,7.34726858
FRA,2008,14.196257318666666,,,,13.493024526,7.42526388
FRA,2009,14.313958185666666,,,,13.320989804,7.98040915
FRA,2010,14.073500748333336,,,,13.285865043,7.81747055
FRA,2011,13.856922224000002,,,12.91,13.169694559,7.76428938
FRA,2012,12.969575436,,,,12.950195994,7.8918004
FRA,2013,12.705337250666666,,,,12.825635711,7.99064016
FRA,2014,11.649773571666666,,,,12.709024719,8.07977486
FRA,2015,11.562039362,,,,12.738896313,8.23389816
FRA,2016,10.775609878666666,,,,12.650011378,8.61056232
FRA,2017,10.642257323333332,20.9069,,,12.548228954,8.6154108
FRA,2018,11.008635376333332,,,,12.440589662,8.49900723
FRA,2019,10.925185642333332,,,,12.009572607,8.33091736
FRA,2020,11.666896279333335,,,,11.664483139,9.25742054
FRA,2021,11.938097255333332,,,,11.433331261,9.25056267
FRA,2022,,,,,11.406038655,8.90620232
FRA,2023,,,,,11.189774118,7.80043125
FRA,2024,,,,,11.189774118,
FSM,2000,24.710247716666668,,,,1.099498669,1.74815881
FSM,2001,24.216283853333334,,,,1.099498669,1.83199584
FSM,2002,23.564543986666667,,,,1.078567535,1.71163332
FSM,2003,23.276502723333333,,,,1.04640831,2.12475729
FSM,2004,24.28971253333333,,,,1.007484396,1.14448988
FSM,2005,24.768113126666666,,,,0.958907262,1.11182237
FSM,2006,24.46023823,,,,0.926199597,1.07155871
FSM,2007,23.991168276666667,,,,0.907112129,1.02541602
FSM,2008,23.887208396666665,,,,0.894268151,1.59784043
FSM,2009,23.751157013333337,,,,0.883684451,0.99749589
FSM,2010,23.663638210000002,,,,0.876101204,1.21490371
FSM,2011,24.020534866666665,,,,0.866392855,1.89427388
FSM,2012,23.986881656666668,,,,0.852332413,1.40971768
FSM,2013,23.59407063,,,,0.837650315,1.55522645
FSM,2014,21.630815951333332,,,,0.826580859,2.0200696
FSM,2015,21.909922553333335,,,,0.827585588,1.89359462
FSM,2016,21.701530504666668,,,,0.837801328,2.00609899
FSM,2017,21.732876973333333,,,,0.844294991,1.53164423
FSM,2018,21.737009595333333,,,,0.841959005,1.40767145
FSM,2019,21.718546369333335,,,,0.819194199,1.74894965
FSM,2020,20.333003508666668,,,,0.803846356,1.7635082
FSM,2021,20.95187187666667,,,,0.791332671,1.15334094
FSM,2022,,,,,0.787733189,1.55440867
FSM,2023,,,,,0.781881308,1.83325839
FSM,2024,,,,,0.781881308,
GAB,2000,14.126995669666668,,,,6.632547425,1.06383789
GAB,2001,13.689155999999999,,,,6.632547425,1.26300132
GAB,2002,12.872583344333334,,,,6.26768612,1.19960451
GAB,2003,12.680679241,,,,5.847357333,1.4352864
GAB,2004,12.494562334666666,,,,6.661279471,1.35957062
GAB,2005,13.677766906333332,,,,7.644187007,1.05433261
GAB,2006,13.995691536333332,,,,8.64830971,1.2173816
GAB,2007,13.023542498333333,,,,8.605532073,1.23346996
GAB,2008,13.163628595,,,,8.453948949,1.06247222
GAB,2009,13.753248472000001,,,,8.561812203,1.54066849
GAB,2010,13.656707021333332,,,,8.688585423,1.57325745
GAB,2011,13.686627971333332,,,0.62,8.69704326,1.58558345
GAB,2012,13.144054591,,,,8.57312298,1.48285842
GAB,2013,13.092293193333333,,,,8.614628617,1.82302928
GAB,2014,14.504991678666665,,,,8.877975423,1.51668847
GAB,2015,14.281458666666666,,,,8.733274255,1.56549394
GAB,2016,13.863841476666666,0.25904,,,8.259176065,2.01055074
GAB,2017,13.585571235333333,,,,7.678186149,1.75976336
GAB,2018,13.548378894333334,,,,7.291202774,1.61284041
GAB,2019,12.995622313333334,,,,7.409331488,1.66963005
GAB,2020,10.990043187,,,,7.712301578,1.89678836
GAB,2021,10.541180132,,,,8.052328595,1.65491903
GAB,2022,,,,,8.000840968,1.88504732
GAB,2023,,,,,8.003647047,2.05877304
GAB,2024,,,,,8.003647047,
GBR,2000,7.775904083333334,,,,12.252599039,5.41897774
GBR,2001,7.513019089666666,,,,12.252599039,5.64282608
GBR,2002,7.5159699946666665,,,,12.37685884,6.0388236
GBR,2003,7.181944421666667,,,,12.451484238,6.30874586
GBR,2004,7.344456473666667,,,,12.460883095,6.67070103
GBR,2005,7.0657450436666664,,,,12.343627494,6.81143427
GBR,2006,6.995425934,,,,12.182338021,7.03568316
GBR,2007,6.7368580646666665,,,,11.966919699,7.04716635
GBR,2008,7.259710712333333,,,,11.696613618,7.3422575
GBR,2009,7.163882500333333,,,,11.395320386,8.14155865
GBR,2010,7.002772464666666,,,,11.14294609,8.03008556
GBR,2011,7.566088972,,,,11.002890342,8.01413918
GBR,2012,7.48854125,,,,10.809055167,8.01443958
GBR,2013,7.779967235666667,,,,10.685777354,7.93981838
GBR,2014,7.585061464,,,,10.681805339,7.93892813
GBR,2015,7.714186729333334,,,,10.740223682,7.90739918
GBR,2016,7.491893947666667,,,,10.849942985,7.90904903
GBR,2017,7.250196740333333,,,,10.965199252,7.73283911
GBR,2018,8.387160491000001,,,,11.011831724,7.78175926
GBR,2019,8.698498834666667,,,,10.981448486,7.95685244
GBR,2020,8.150637335666666,,,,11.026156627,10.17949867
GBR,2021,8.795983983666668,,,,11.064335812,10.11974335
GBR,2022,,,,,10.904844556,9.10831928
GBR,2023,,,,,10.437840768,8.98766613
GBR,2024,,,,,10.437840768,
GEO,2000,2.761919227,,,,13.041689867,0.82085949
GEO,2001,2.214258864,,,,13.041689867,1.13540304
GEO,2002,3.347897943333333,,,,13.128502088,1.12198305
GEO,2003,2.622549348666667,,,,13.45285739,1.14707553
GEO,2004,4.686952593666667,,,,13.737228513,1.17821777
GEO,2005,2.1072102063333333,,,,14.016997565,1.20532346
GEO,2006,1.612830391,,,,14.206521011,1.18501794
GEO,2007,2.269442972666667,,,,14.308933941,1.09324026
GEO,2008,3.213012175,,,,14.433438635,1.53485286
GEO,2009,4.449140545666666,,,,14.79410267,2.04964566
GEO,2010,2.8711382533333336,,,,15.195824262,1.90527785
GEO,2011,2.244674197666667,,,2.83,15.461417707,1.36786854
GEO,2012,2.4117044130000003,,,,15.402357552,1.52704597
GEO,2013,3.5415789406666662,,,,15.342854473,1.82236254
GEO,2014,4.630163525333333,,,,15.306067583,2.14047027
GEO,2015,4.687973820333333,,,,15.302108189,2.59349322
GEO,2016,4.146109075,6.70627,0.07592,,15.306469097,2.87254119
GEO,2017,3.745505242,,,,15.303350212,2.58998537
GEO,2018,6.214540341666667,,,,15.280751101,2.75906873
GEO,2019,6.763786028000001,,,,14.893301673,2.69142175
GEO,2020,5.317679225666667,,,,14.576133544,3.66064787
GEO,2021,4.796077998666667,,,,14.336896837,4.43811321
GEO,2022,,,,,14.444898907,3.06025243
GEO,2023,,,,,14.39498331,2.30926275
GEO,2024,,,,,14.39498331,
GHA,2000,5.7800405413333324,,,,1.10680592,0.73089105
GHA,2001,6.269731342333333,,,,1.10680592,0.84126645
GHA,2002,6.729135842999999,,,,1.102607756,0.65024012
GHA,2003,7.198739400000001,,,,1.155613339,0.94345516
GHA,2004,7.603909553333334,,,,1.511236757,0.9509024
GHA,2005,7.743548712,,,,1.940093243,1.756845
GHA,2006,7.845608984333334,,,,2.36731968,1.65231752
GHA,2007,7.651536978,,,,2.476540257,1.63629603
GHA,2008,8.170404826,,,,2.500566497,1.64284575
GHA,2009,8.720321505,,,,2.735809433,2.04712129
GHA,2010,8.79419588,,,,2.99441005,2.26015067
GHA,2011,8.968178126333333,,,2.0,3.277015808,2.35423017
GHA,2012,8.941204350333333,,,,3.338195032,1.97869766
GHA,2013,8.988676629333334,,,,3.351086373,1.85814357
GHA,2014,8.960627267333335,,,,3.313530025,1.40883136
GHA,2015,8.940809704333335,,,,3.201819445,1.5937829
GHA,2016,8.86504702,0.05801,1.09488,,3.11372967,1.3003906
GHA,2017,8.870242283333333,,,,3.008898485,1.63058531
GHA,2018,8.551055967,,,,2.956563253,1.37083328
GHA,2019,8.378233657333332,,,,2.840635548,1.9720608
GHA,2020,8.211364088666667,,,,2.804334726,2.52818918
GHA,2021,8.304821262333334,,,,2.750816853,2.09936643
GHA,2022,,,,,2.672566207,2.03708911
GHA,2023,,,,,2.591636852,1.86317766
GHA,2024,,,,,2.591636852,
GIN,2000,7.109156242,,,,0.259049461,0.301292
GIN,2001,7.365228298999999,,,,0.259049461,0.37107071
GIN,2002,7.628103718333333,,,,0.276240634,0.64011806
GIN,2003,7.746855616666667,,,,0.322201878,0.42212996
GIN,2004,7.864761244,,,,0.30768068,0.24164158
GIN,2005,7.7622521183333335,,,,0.282750856,0.26129073
GIN,2006,8.101414656666668,,,,0.23829198,0.24835719
GIN,2007,8.300822788666666,,,,0.23792193,0.24066733
GIN,2008,8.424492206666667,,,,0.246166355,0.26959306
GIN,2009,8.476908599,,,,0.249953532,0.26025116
GIN,2010,8.925425871666667,,,,0.267092603,0.36297843
GIN,2011,8.815168165333333,,,,0.290630729,0.51036745
GIN,2012,8.834045935333334,,,,0.306355732,0.51431388
GIN,2013,8.814850780666667,,,,0.336937479,0.48858824
GIN,2014,8.802360734333334,,,,0.393264168,0.61152339
GIN,2015,8.701217823333332,,,,0.437332059,0.42931107
GIN,2016,8.559960998,0.02481,0.00827,,0.436391421,0.66374409
GIN,2017,8.564541813,,,,0.41209428,0.60066199
GIN,2018,8.486179336,,,,0.418079331,0.61740124
GIN,2019,8.515274710333333,,,,0.455246477,0.92095226
GIN,2020,8.717556168666666,,,,0.492837853,0.77726084
GIN,2021,8.387722803666668,,,,0.504043325,0.68109477
GIN,2022,,,,,0.488434019,0.72876471
GIN,2023,,,,,0.474554766,0.80672276
GIN,2024,,,,,0.474554766,
GLP,2000,,,,,11.301334473,
GLP,2001,,,,,11.301334473,
GLP,2002,,,,,11.106741784,
GLP,2003,,,,,10.892610064,
GLP,2004,,,,,10.788949845,
GLP,2005,,,,,10.682781566,
GLP,2006,,,,,10.813820275,
GLP,2007,,,,,10.793542677,
GLP,2008,,,,,10.69433592,
GLP,2009,,,,,10.46280279,
GLP,2010,,,,,10.256430683,
GLP,2011,,,,,10.280941169,
GLP,2012,,,,,10.33450298,
GLP,2013,,,,,10.297601529,
GLP,2014,,,,,10.274650191,
GLP,2015,,,,,10.234506265,
GLP,2016,,,,,10.122268831,
GLP,2017,,,,,9.894438027,
GLP,2018,,,,,9.831425603,
GLP,2019,,,,,9.55031275,
GLP,2020,,,,,9.430881908,
GLP,2021,,,,,9.301909117,
GLP,2022,,,,,9.630759037,
GLP,2023,,,,,9.949701564,
GLP,2024,,,,,9.949701564,
GMB,2000,9.028378274333333,,,,1.617128725,0.6015296
GMB,2001,9.229702063666666,,,,1.617128725,0.61059773
GMB,2002,9.470453491999999,,,,1.698850853,0.54214686
GMB,2003,9.547655987,,,,1.752464887,0.5868997
GMB,2004,9.567513995666667,,,,1.752457108,0.78081375
GMB,2005,9.294682987,,,,1.685569497,0.81679177
GMB,2006,8.941862669,,,,1.615009798,0.88458723
GMB,2007,8.894249915000001,,,,1.549182913,0.70619458
GMB,2008,8.977729306333332,,,,1.510888325,0.7288478
GMB,2009,8.924053764333333,,,,1.472069143,0.9055742
GMB,2010,8.611343565,,,,1.428964869,0.91823167
GMB,2011,8.951974919666666,,,,1.401003539,1.04374862
GMB,2012,9.044777011333332,,,,1.288941869,1.20622373
GMB,2013,9.047267646666667,,,,1.153941583,1.08376527
GMB,2014,9.068712214,,,,0.957095035,1.09228694
GMB,2015,9.040703966,,,,0.876904708,0.99829203
GMB,2016,8.975691264666667,0.10113,,,0.781213931,1.2897681
GMB,2017,8.912859263,,,,0.674359699,1.06097889
GMB,2018,8.81419586,,,,0.543329531,1.04798186
GMB,2019,8.897059711999999,,,,0.46701815,1.28750503
GMB,2020,8.850798019,,,,0.41505689,1.9513855
GMB,2021,8.381900844666667,,,,0.408150905,1.28643787
GMB,2022,,,,,0.433163725,1.54287362
GMB,2023,,,,,0.481792038,1.29954684
GMB,2024,,,,,0.481792038,
GNB,2000,14.908231271666665,,,,2.719894863,0.5933851
GNB,2001,14.722128915666666,,,,2.719894863,0.48134443
GNB,2002,14.090556845999998,,,,2.541057889,0.35467029
GNB,2003,13.455903110666666,,,,2.543867166,0.42981493
GNB,2004,13.718618716333333,,,,2.682493263,0.57971573
GNB,2005,13.310514011,,,,2.88343709,0.50890976
GNB,2006,13.240760698999999,,,,2.951246184,0.49984464
GNB,2007,13.213983573666667,,,,2.804221127,0.59780544
GNB,2008,13.148707987333331,,,,2.678591207,0.54897773
GNB,2009,13.144914167666668,,,,2.582750143,0.52002388
GNB,2010,13.027584451000001,,,,2.638357821,0.46807465
GNB,2011,12.822783049,,,,2.736120127,0.43690556
GNB,2012,12.572087129666665,,,,2.799889545,0.50444686
GNB,2013,12.57954233,,,,2.773058659,0.55160207
GNB,2014,12.627866775666666,,,,2.771580671,0.59649962
GNB,2015,12.649384245666667,,,,2.822099441,0.53779858
GNB,2016,12.544340040666668,,,,2.959920593,0.48464295
GNB,2017,12.457394604666666,,,,3.05222223,0.49838862
GNB,2018,12.154809609333334,,,,3.11290196,0.50527376
GNB,2019,12.555090757333334,,,,3.055100088,0.45877996
GNB,2020,13.331935118333334,,,,3.040198317,1.20048702
GNB,2021,12.638572387333333,,,,3.120036324,1.13860166
GNB,2022,,,,,3.110046865,1.03818488
GNB,2023,,,,,3.075462861,0.9383629
GNB,2024,,,,,3.075462861,
GNQ,2000,16.125670949,,,,0.980799707,0.52302271
GNQ,2001,14.307720209000001,,,,0.980799707,0.39180481
GNQ,2002,13.133224907666667,,,,1.411649976,0.36000615
GNQ,2003,12.751454653333333,,,,1.873180531,0.39797717
GNQ,2004,11.918211130666668,,,,4.058176702,0.35340402
GNQ,2005,11.350352712000001,,,,5.949734734,0.40104085
GNQ,2006,10.633793185666667,,,,7.736641062,0.45787242
GNQ,2007,10.122687207666667,,,,7.506587688,0.48071325
GNQ,2008,10.397282305333333,,,,7.156110968,0.48362917
GNQ,2009,10.251982077,,,,7.318993477,0.76920271
GNQ,2010,10.185190996333333,,,,7.745997707,0.64514917
GNQ,2011,10.304346609,,,,8.426621291,0.59239239
GNQ,2012,10.164580746666667,,,,8.446304961,0.70269078
GNQ,2013,9.448501157666668,,,,8.303471445,0.61788166
GNQ,2014,9.278440186,,,,7.948699762,0.65114552
GNQ,2015,9.652487443666667,,,,7.58879178,0.7432819
GNQ,2016,10.270454835999999,,,,6.927679758,0.86530524
GNQ,2017,10.593905532,0.68063,,,6.378927224,0.78999829
GNQ,2018,11.123277213,,,,6.179260732,0.81501949
GNQ,2019,11.198053733,,,,6.192049359,0.8050639
GNQ,2020,11.120972444333333,,,,6.106060746,1.0338515
GNQ,2021,10.465245654999999,,,,5.845451771,1.14400554
GNQ,2022,,,,,5.606738516,0.86760986
GNQ,2023,,,,,5.278630915,1.12861156
GNQ,2024,,,,,5.278630915,
GRC,2000,2.8576990283333337,,,,9.548585258,4.62980747
GRC,2001,2.464570507,,,,9.548585258,5.21165657
GRC,2002,2.2714915553333337,,,,9.48237266,5.12075806
GRC,2003,2.7586200536666663,,,,9.428318235,5.1977067
GRC,2004,2.5134397346666666,,,,9.357045437,4.86593294
GRC,2005,2.8149315913333326,,,,9.315414709,5.32978392
GRC,2006,2.7802641866666664,,,,9.320503636,5.17268229
GRC,2007,2.411498091,,,,9.35290534,5.39813805
GRC,2008,2.6159474666666664,,,,9.347516912,5.84622145
GRC,2009,2.806053476666667,,,,9.135365811,6.5149498
GRC,2010,2.692242142,,,,8.814476342,6.62841225
GRC,2011,3.510949853333333,,,4.43,8.552097923,6.03533649
GRC,2012,3.7362494166666664,,,,8.504139465,5.7518816
GRC,2013,3.964957497,,,,8.520272061,5.23182106
GRC,2014,4.099714574,,,,8.499383135,4.51781511
GRC,2015,3.7841733333333334,,,,8.467762891,4.7674284
GRC,2016,3.467073044333333,5.80328,0.32983,,8.466497834,4.43071413
GRC,2017,3.8131985766666663,,,,8.50325121,4.29561758
GRC,2018,4.12611493,,,,8.518647114,4.17521954
GRC,2019,3.9155254003333333,,,,8.059105709,3.95904088
GRC,2020,3.334513814333333,,,,7.847504002,5.06405878
GRC,2021,3.4417917086666665,,,,7.913316413,5.38438177
GRC,2022,,,,,8.43899291,4.56988621
GRC,2023,,,,,8.579946185,4.24943686
GRC,2024,,,,,8.579946185,
GRD,2000,2.4612361946666668,,,,8.043455158,1.86039817
GRD,2001,0.3658366306666667,,,,8.043455158,2.14943409
GRD,2002,3.948361683,,,,8.31048876,2.71163964
GRD,2003,3.0337774410000002,,,,8.469459843,2.16133189
GRD,2004,5.901703966666667,,,,8.487151291,2.59474087
GRD,2005,4.150437336666667,,,,8.543482423,2.42088819
GRD,2006,6.158171061333333,,,,8.664172337,2.04412723
GRD,2007,2.1569820133333333,,,,8.663904503,2.00870275
GRD,2008,3.081841965,,,,8.433112016,1.96291316
GRD,2009,1.1774498606666668,,,,8.218056616,2.17009425
GRD,2010,1.2804054203333333,,,,8.020648651,2.05670786
GRD,2011,1.6173312106666666,,,,8.002364268,2.41611266
GRD,2012,1.7526421096666667,,,,8.044619794,2.38694572
GRD,2013,1.2555154286666668,,,,8.07585423,2.27822328
GRD,2014,0.420729269,,,,8.128886889,2.09314442
GRD,2015,0.48342398566666667,,,,8.20647338,1.93493712
GRD,2016,0.6691963873333333,1.87226,0.93613,,8.317794624,1.76571214
GRD,2017,0.472637444,,,,8.438542753,1.88796365
GRD,2018,0.10007415266666668,,,,8.526085455,1.86524379
GRD,2019,0.8315862233333333,,,,8.280190472,2.04134059
GRD,2020,0.9436464863333333,,,,8.036916052,2.28805852
GRD,2021,1.1505955356666666,,,,7.925077557,2.16806746
GRD,2022,,,,,8.269960309,1.9978193
GRD,2023,,,,,8.582996837,2.10270882
GRD,2024,,,,,8.582996837,
GTM,2000,12.161859991666667,,,,2.416451201,1.91270578
GTM,2001,12.835979075666666,,,,2.416451201,1.98154283
GTM,2002,12.229009635333332,,,,2.354371638,1.9446981
GTM,2003,12.214262197333333,,,,2.311931962,2.04141212
GTM,2004,12.176835308666668,,,,2.2899677,2.02383399
GTM,2005,11.187973570333334,,,,2.267220266,1.88113928
GTM,2006,10.907571687999999,,,,2.26556166,2.06657243
GTM,2007,8.538047099666667,,,,2.223148583,1.97883451
GTM,2008,8.323217999333332,,,,2.148536909,2.05419135
GTM,2009,7.6525050126666665,,,,2.067868998,2.25974083
GTM,2010,6.9092660839999995,,,,2.054270413,2.06138587
GTM,2011,5.653291378666666,,,1.46,2.015625107,1.99347126
GTM,2012,5.400998203,,,,1.949327604,2.02626443
GTM,2013,5.66826322,,,,1.827192942,2.21485376
GTM,2014,5.793637055666667,,,,1.740223248,2.23796296
GTM,2015,6.077055758666667,,,,1.666720597,2.27820134
GTM,2016,6.142252080666666,0.49223,0.00615,,1.644348999,2.28762269
GTM,2017,6.3897088890000004,,,,1.642092958,2.1993053
GTM,2018,6.185687383666667,,,,1.806139997,2.19892383
GTM,2019,6.409898490333333,,,,1.916640225,2.37253165
GTM,2020,5.782248119666666,,,,2.204665705,2.47224283
GTM,2021,5.341636988,,,,2.491701446,2.66252208
GTM,2022,,,,,2.854115212,2.47282767
GTM,2023,,,,,3.054458748,2.43609333
GTM,2024,,,,,3.054458748,
GUF,2000,,,,,11.382346015,
GUF,2001,,,,,11.382346015,
GUF,2002,,,,,10.908568071,
GUF,2003,,,,,10.563691851,
GUF,2004,,,,,10.254802802,
GUF,2005,,,,,9.759438038,
GUF,2006,,,,,9.602555912,
GUF,2007,,,,,9.535224617,
GUF,2008,,,,,9.499623547,
GUF,2009,,,,,9.319872154,
GUF,2010,,,,,9.146058033,
GUF,2011,,,,,8.890529026,
GUF,2012,,,,,8.492953311,
GUF,2013,,,,,8.178296097,
GUF,2014,,,,,7.875063778,
GUF,2015,,,,,7.744391066,
GUF,2016,,,,,7.407148923,
GUF,2017,,,,,7.117098948,
GUF,2018,,,,,6.950484084,
GUF,2019,,,,,6.785080911,
GUF,2020,,,,,6.747645203,
GUF,2021,,,,,6.723582831,
GUF,2022,,,,,6.841729936,
GUF,2023,,,,,6.924579128,
GUF,2024,,,,,6.924579128,
GUY,2000,31.22899896,,,,5.575704974,1.78830874
GUY,2001,35.014786253333334,,,,5.575704974,1.63222313
GUY,2002,34.07242721666666,,,,5.998476638,1.73537362
GUY,2003,33.25204526666667,,,,6.231881865,1.72908437
GUY,2004,31.614283426666663,,,,6.071526141,1.73980284
GUY,2005,30.762685630000004,,,,5.870028291,1.78057182
GUY,2006,30.548970076666667,,,,5.728523682,1.65196764
GUY,2007,30.415075776666665,,,,5.724633827,1.6837045
GUY,2008,29.648906150000002,,,,5.831933945,1.69491982
GUY,2009,31.60278508333333,,,,5.934993653,1.88041246
GUY,2010,31.636341883333333,,,,6.051694947,1.81934333
GUY,2011,31.854372863333335,,,1.35,6.151865649,2.02701139
GUY,2012,33.31210062,,,,6.252350653,1.79707813
GUY,2013,36.00614656,,,,6.370840611,1.88811839
GUY,2014,36.52101036,,,,6.333717497,2.17510056
GUY,2015,36.18610322666667,,,,6.253209445,2.35677791
GUY,2016,36.96833766666666,0.91085,0.13012,,6.052289437,2.5319159
GUY,2017,34.84705271333333,,,,5.879090972,2.79179382
GUY,2018,31.64381607333333,,,,5.68453082,2.95149112
GUY,2019,29.994553706666665,,,,5.511276642,2.90384364
GUY,2020,32.43052463666667,,,,5.526166327,3.97433281
GUY,2021,26.940270363333337,,,,5.694438753,3.19546413
GUY,2022,,,,,6.038915059,1.73739421
GUY,2023,,,,,6.495180875,1.73029017
GUY,2024,,,,,6.495180875,
HKG,2000,,,,,3.702805441,
HKG,2001,,,,,3.702805441,
HKG,2002,,,,,3.558400756,
HKG,2003,,,,,3.349632214,
HKG,2004,,,,,3.227115492,
HKG,2005,,,,,3.208860416,
HKG,2006,,,,,3.190493974,
HKG,2007,,,,,3.21050579,
HKG,2008,,,,,3.239207895,
HKG,2009,,,,,3.182497489,
HKG,2010,,,,,3.097272782,
HKG,2011,,,,,3.010859247,
HKG,2012,,,,,2.974108381,
HKG,2013,,,,,2.905416952,
HKG,2014,,,,,2.845623117,
HKG,2015,,,,,2.808072088,
HKG,2016,,,,,2.815704819,
HKG,2017,,,,,2.857119355,
HKG,2018,,,,,2.908420586,
HKG,2019,,,,,3.025130347,
HKG,2020,,,,,3.097051774,
HKG,2021,,,,,3.118542817,
HKG,2022,,,,,3.018779443,
HKG,2023,,,,,2.876169763,
HKG,2024,,,,,2.876169763,
HND,2000,4.598149642666667,,,,3.248729163,3.02285886
HND,2001,4.568338847000001,,,,3.248729163,2.49121737
HND,2002,4.569161914333333,,,,3.394495554,2.54012251
HND,2003,4.6246279113333335,,,,3.475898905,2.61311603
HND,2004,4.526431311333333,,,,3.508098228,2.45127177
HND,2005,4.573973920999999,,,,3.563678114,2.91977549
HND,2006,4.492770455333333,,,,3.594148577,3.27406335
HND,2007,4.422817683,,,,3.522758429,3.33394694
HND,2008,4.243020227333333,,,,3.422162285,3.31875777
HND,2009,4.106840236,,,,3.333368718,3.96730256
HND,2010,4.032196492,,,,3.28770438,3.69605827
HND,2011,3.915556517666667,,,1.61,3.262875623,3.89370441
HND,2012,6.283729053333334,,,,3.261026767,3.3830452
HND,2013,6.182128314666667,,,,3.152509973,3.4937377
HND,2014,6.438811134999999,0.65842,,,3.07605543,3.19305706
HND,2015,7.192710538333333,,,,3.016235808,2.94796515
HND,2016,3.9620623150000003,,,,3.104015269,3.09310865
HND,2017,4.029786180333333,,,,3.228205388,2.85400987
HND,2018,3.987072346,,,,3.341845272,2.84892344
HND,2019,3.9775757896666666,,,,3.397443554,2.89673924
HND,2020,3.8724438373333334,,,,3.456270284,3.50717759
HND,2021,3.7898917556666665,,,,3.492805133,3.47907257
HND,2022,,,,,3.518363062,3.20130515
HND,2023,,,,,3.473547231,2.46127725
HND,2024,,,,,3.473547231,
HRV,2000,16.25266415,,,,10.313398318,6.50514507
HRV,2001,15.326164506666666,,,,10.313398318,5.89368153
HRV,2002,15.063806074333334,,,,10.267926356,4.85369205
HRV,2003,15.294868169666666,,,,10.122221273,5.12203264
HRV,2004,15.168860325333334,,,,10.027652239,5.19365215
HRV,2005,15.237083648,,,,9.958523453,5.8138175
HRV,2006,13.877749436,,,,10.005311291,5.84456825
HRV,2007,13.25966193,,,,10.034965114,6.38684225
HRV,2008,13.541643577,,,,9.910309483,6.40165615
HRV,2009,13.444445150666667,,,,9.642268755,6.65384912
HRV,2010,13.206448166,,,,9.514243868,6.63025713
HRV,2011,11.956144407000002,,,,9.408580551,6.25037861
HRV,2012,13.298194306999997,,,,9.428635972,6.30977678
HRV,2013,12.430003002,,,,9.286528383,5.44869661
HRV,2014,12.511824734000001,,,,9.370379536,5.51811647
HRV,2015,12.251745320666666,,,,9.428464547,5.5316987
HRV,2016,11.569953462,11.09537,0.51936,,9.606170279,5.54387617
HRV,2017,10.964496414333333,,,,9.725885135,5.49144459
HRV,2018,11.673091576333334,,,,9.896376093,5.53542042
HRV,2019,10.672951032666667,,,,9.821161447,5.53433323
HRV,2020,10.574990759333334,,,,9.920805202,6.28337812
HRV,2021,10.798082477666668,,,,10.131765749,6.79773712
HRV,2022,,,,,10.630807146,6.16261101
HRV,2023,,,,,10.940246438,6.00462341
HRV,2024,,,,,10.940246438,
HTI,2000,11.274830937666666,,,,4.451112222,0.87098479
HTI,2001,10.904429819333332,,,,4.451112222,0.72717297
HTI,2002,10.865932559666668,,,,4.418414484,0.48891512
HTI,2003,10.777741592333333,,,,4.402124753,0.51697874
HTI,2004,10.431247621333332,,,,4.341672616,0.58639508
HTI,2005,10.380248043333333,,,,4.319808825,0.58343035
HTI,2006,10.120283088333332,,,,4.279897772,0.28958338
HTI,2007,10.160287762666668,,,,4.268308538,0.79249322
HTI,2008,10.041424207666667,,,,4.264034643,0.83237052
HTI,2009,10.137812864999999,,,,3.814410858,0.78221947
HTI,2010,10.042291446333333,,,,3.406430674,0.81272614
HTI,2011,9.959634595999999,,,0.61,3.014072239,0.42167202
HTI,2012,10.195655836,,,,3.230778196,0.45754522
HTI,2013,10.198661323333333,,,,3.352791991,0.47550055
HTI,2014,10.065117197333334,,,,3.484494776,0.4683435
HTI,2015,10.054463832333333,,,,3.5222948,0.56089777
HTI,2016,9.703923785999999,0.07469,0.00934,,3.687351695,0.52977306
HTI,2017,9.805238524,,,,3.814178986,0.46510881
HTI,2018,10.172974410666667,,,,3.773234095,0.52653241
HTI,2019,10.27813627,,,,3.612608619,0.40745705
HTI,2020,9.702646262333333,,,,3.506759074,0.48513991
HTI,2021,9.435851440999999,,,,3.520111582,0.40921035
HTI,2022,,,,,3.558721518,0.34204665
HTI,2023,,,,,3.457137785,0.29809323
HTI,2024,,,,,3.457137785,
HUN,2000,27.3889464,,,,14.167159048,4.66075277
HUN,2001,24.510964923666666,,,,14.167159048,4.56258917
HUN,2002,23.603257341666666,,,,14.480020216,4.92859268
HUN,2003,22.595275431,,,,14.405685864,5.6894331
HUN,2004,22.346428837666668,,,,14.276528935,5.40700102
HUN,2005,21.196173939333335,,,,14.226754065,5.60735846
HUN,2006,19.847535608,,,,14.049068441,5.4774394
HUN,2007,19.587494946,,,,13.635635564,4.88565254
HUN,2008,19.844426561333332,,,,13.090336175,4.80511093
HUN,2009,20.198659127,,,,12.524347444,4.91961193
HUN,2010,19.886124203666665,,,,12.422394553,4.97306871
HUN,2011,19.521612153333333,,,5.1,12.306055814,4.96192122
HUN,2012,19.012047099,,,,12.298779419,4.81794548
HUN,2013,16.680770094,,,,12.147751875,4.79123878
HUN,2014,15.434542092666666,,,,12.063545398,4.69849157
HUN,2015,14.928074557666667,,,,12.233007007,4.6434226
HUN,2016,13.738630125666667,11.0794,2.6472,,12.206624959,4.71779013
HUN,2017,12.871289480333333,,,,12.359245319,4.60974598
HUN,2018,12.932915959666667,,,,12.151019247,4.53718567
HUN,2019,12.062672947333333,,,,12.009498493,4.26813841
HUN,2020,12.941251684333333,,,,11.693438396,5.09558201
HUN,2021,11.749841720333334,,,,11.67908106,5.29752254
HUN,2022,,,,,11.545999337,4.8313055
HUN,2023,,,,,11.358982965,4.67247677
HUN,2024,,,,,11.358982965,
IDN,2000,2.41970382,,,,0.078529958,0.54974306
IDN,2001,2.4160192226666664,,,,0.078529958,0.77221775
IDN,2002,2.3881829263333336,,,,0.072604955,0.67425066
IDN,2003,2.332594433666667,,,,0.07022331,0.81785041
IDN,2004,2.26973385,,,,0.072863162,0.74926209
IDN,2005,2.2275898253333333,,,,0.078165171,0.73213077
IDN,2006,2.182907688333333,,,,0.080928582,0.83084059
IDN,2007,2.1486630966666667,,,,0.085631203,1.01869452
IDN,2008,2.106796926,,,,0.090511254,0.89791358
IDN,2009,2.056126877666667,,,,0.097455962,0.92164314
IDN,2010,2.010974003333333,,,,0.100527192,0.66109079
IDN,2011,1.952357262666667,,,,0.102897933,0.70190871
IDN,2012,1.9184677713333336,,,,0.107997562,0.76724905
IDN,2013,1.8424669690000002,,,,0.113043128,0.81686825
IDN,2014,1.784947181,,,,0.111780747,0.99270725
IDN,2015,1.7575847763333332,,,,0.110653652,1.15799773
IDN,2016,1.7412275836666666,0.30988,0.1042,,0.108078235,1.37558317
IDN,2017,1.722176821,,,,0.111188125,1.34984481
IDN,2018,1.7098123139999999,,,,0.111276632,1.395854
IDN,2019,1.7098766779999999,,,,0.099262807,1.39791656
IDN,2020,1.4914210176666665,,,,0.091177079,1.88725579
IDN,2021,1.2925245026666665,,,,0.086345887,2.20201159
IDN,2022,,,,,0.09539952,1.39438057
IDN,2023,,,,,0.101141255,1.44882917
IDN,2024,,,,,0.101141255,
IND,2000,17.414653706666666,,,,2.000109727,0.84906155
IND,2001,16.508621690000002,,,,2.000109727,0.81879407
IND,2002,16.527263386666665,,,,2.134624207,0.78371018
IND,2003,16.363934116666666,,,,2.239603135,0.76340038
IND,2004,16.60907929,,,,2.326470102,0.72411484
IND,2005,16.763464533333334,,,,2.421445435,0.77590197
IND,2006,16.88574875,,,,2.634265698,0.75237411
IND,2007,16.853697216666664,,,,2.97422839,0.74839747
IND,2008,16.707275606666666,,,,3.548301325,0.8119961
IND,2009,16.512085736666666,,,,4.1311839,0.90823442
IND,2010,16.647006786666665,,,,4.666705877,0.87431055
IND,2011,16.535960483333334,,,,4.952850222,0.93731916
IND,2012,16.500025186666665,,,,5.103918214,0.93186861
IND,2013,16.298483906666664,,,,5.120589903,0.86504197
IND,2014,15.739947353333333,,,,5.102263908,0.85653549
IND,2015,15.180921906666667,,,,5.034989126,0.92193186
IND,2016,15.083858433333333,0.29235,0.02972,,4.931507254,0.94049966
IND,2017,15.219234730000002,,,,4.925505741,0.96734685
IND,2018,14.598799703333333,,,,4.989165571,0.98024821
IND,2019,14.18653459,,,,4.7919617,1.03550148
IND,2020,13.188122946666667,,,,4.679406539,1.21139216
IND,2021,12.627982783333332,,,,4.687318294,1.35207272
IND,2022,,,,,5.040938104,1.37196231
IND,2023,,,,,5.238493676,1.30319667
IND,2024,,,,,5.238493676,
IRL,2000,11.922457463,,,,14.782472489,4.57260036
IRL,2001,12.329714255666666,,,,14.782472489,5.014184
IRL,2002,11.424743857333333,,,,14.534501633,5.27079201
IRL,2003,11.252687502666667,,,,14.248984585,5.51941919
IRL,2004,10.869654083999999,,,,13.958905825,5.69755459
IRL,2005,11.085988471666667,,,,13.910834614,6.02741861
IRL,2006,10.402193784,,,,13.811950996,5.84971762
IRL,2007,10.57211515,,,,13.455567479,6.18633509
IRL,2008,11.367953432666667,,,,12.800603503,7.23859835
IRL,2009,13.330549077,,,,12.347027764,8.11006927
IRL,2010,11.434468434666668,,,,12.1750768,8.01437855
IRL,2011,12.172143363333333,,,,12.283915061,7.56952333
IRL,2012,11.761346502999999,,,,11.911679263,7.56647778
IRL,2013,10.314672636666666,,,,11.621833618,7.12790918
IRL,2014,10.421468529666667,,,,11.284414182,6.58024883
IRL,2015,8.876270056666668,,,,11.391817127,5.08183002
IRL,2016,9.125615230666668,,0.61701,,11.364784976,5.29494858
IRL,2017,8.017827440333333,,,,11.433301453,5.019907
IRL,2018,8.529190946999998,,,,11.284039801,4.96560764
IRL,2019,7.502596848666667,,,,11.018109796,4.8862195
IRL,2020,7.776036533,,,,10.68804376,5.41204929
IRL,2021,7.709117132333333,,,,10.546535096,4.93912601
IRL,2022,,,,,10.439993202,4.60636616
IRL,2023,,,,,10.270213313,5.03631401
IRL,2024,,,,,10.270213313,
IRN,2000,5.882738943666666,,,,0.003042802,1.78084624
IRN,2001,5.600411048333334,,,,0.003042802,1.97451782
IRN,2002,5.323709623666667,,,,0.004352169,1.82648432
IRN,2003,4.751546332666667,,,,0.006415002,1.95293641
IRN,2004,4.744562473333333,,,,0.008923224,1.86830163
IRN,2005,4.450255203,,,,0.011910622,1.95377719
IRN,2006,4.332800309666666,,,,0.016001059,2.15025973
IRN,2007,4.763425447333334,,,,0.019969546,1.95606387
IRN,2008,4.654254149333333,,,,0.023190097,1.86860132
IRN,2009,4.517267149333333,,,,0.025590645,2.24113083
IRN,2010,4.415112746666667,,,,0.028302829,2.03566408
IRN,2011,4.343171495666667,,,3.6,0.025509125,2.0313952
IRN,2012,4.1134681503333335,,,,0.019509353,2.05416632
IRN,2013,4.296686685,,,,0.011923079,2.17463541
IRN,2014,4.55591408,,,,0.010000968,3.27688289
IRN,2015,4.381146909,,,,0.014145832,4.21780825
IRN,2016,4.487230362999999,,,,0.020569615,4.12576914
IRN,2017,4.321082598666666,2.01612,0.20035,,0.026441285,4.1947484
IRN,2018,4.184535234,,,,0.026069861,3.1700592
IRN,2019,4.158357333666666,,,,0.023022711,2.74998093
IRN,2020,3.4661803276666667,,,,0.020388229,2.47541046
IRN,2021,4.070552998666667,,,,0.020460552,2.27706981
IRN,2022,,,,,0.02147854,2.62992668
IRN,2023,,,,,0.020672233,2.81532979
IRN,2024,,,,,0.020672233,
IRQ,2000,5.846775643666667,,,,0.066851925,
IRQ,2001,5.682574556,,,,0.066851925,
IRQ,2002,5.560803946,,,,0.108738294,
IRQ,2003,5.400522277333334,,,,0.188083593,1.35636795
IRQ,2004,5.346619004,,,,0.309191892,2.72581053
IRQ,2005,5.212468188,,,,0.392086002,2.02030635
IRQ,2006,5.019374681333333,,,,0.464504415,1.53326082
IRQ,2007,4.939144448666667,,,,0.505742682,2.03766322
IRQ,2008,4.9070920849999995,,,,0.577011909,2.37276387
IRQ,2009,4.881370072,,,,0.630075611,2.89204693
IRQ,2010,4.815521505333333,,,,0.691019909,2.38097811
IRQ,2011,4.800666769,,,,0.718291846,2.08112431
IRQ,2012,4.686277618333333,,,,0.70946606,1.00896454
IRQ,2013,4.620755903,,,,0.66371911,1.1463443
IRQ,2014,4.336336258,,,,0.651948472,1.03747606
IRQ,2015,4.372630947,,,,0.662396322,0.73074299
IRQ,2016,4.303956097666667,,,,0.688251384,2.53573442
IRQ,2017,4.278064607666667,0.34334,0.06092,,0.688898877,1.69484437
IRQ,2018,4.243078137,,,,0.684251421,2.001724
IRQ,2019,4.200226263,,,,0.66778754,2.07680917
IRQ,2020,3.9615037769999994,,,,0.659932711,2.5794127
IRQ,2021,3.9117963480000006,,,,0.661466746,2.53705359
IRQ,2022,,,,,0.659528134,1.98248768
IRQ,2023,,,,,0.610734473,2.54604125
IRQ,2024,,,,,0.610734473,
ISL,2000,12.903164031333333,,,,7.499956103,7.18854856
ISL,2001,12.470902403666665,,,,7.499956103,7.05830956
ISL,2002,11.678951625333333,,,,7.618956932,7.65274143
ISL,2003,12.007320795666667,,,,7.741548309,7.9075551
ISL,2004,11.650847194,,,,7.888908115,7.55137873
ISL,2005,10.675917904,,,,8.096674366,7.24719429
ISL,2006,11.410509077999999,,,,8.320448707,6.98110867
ISL,2007,13.955600589333335,,,,8.349388885,6.85141087
ISL,2008,14.153007672333333,,,,8.338639947,6.85962439
ISL,2009,13.082256496,,,,8.105118102,7.16391802
ISL,2010,11.987272075,,,,7.969371684,6.67772865
ISL,2011,10.609140616666666,,,8.69,7.792323775,6.61492586
ISL,2012,12.550108575000001,,,,7.723161682,6.58818579
ISL,2013,12.487178802,,,,7.688878466,6.61044264
ISL,2014,14.138718743666667,,,,7.8448167,6.68532133
ISL,2015,12.815744862333332,,,,7.891875174,6.58261681
ISL,2016,10.916202515666667,,4.54211,,7.909128412,6.65842867
ISL,2017,10.158974923333332,,,,7.744620107,6.82592249
ISL,2018,8.449173467,,,,7.693595499,6.9620142
ISL,2019,11.045210803333333,,,,7.884678591,7.16506433
ISL,2020,11.931556497,,,,8.295357337,8.051507
ISL,2021,10.772865711,,,,8.396267235,8.14422035
ISL,2022,,,,,8.163792212,7.69027185
ISL,2023,,,,,7.714891004,7.27967358
ISL,2024,,,,,7.714891004,
ISR,2000,6.906668541333333,,,,4.081254881,4.16107655
ISR,2001,6.5275663066666665,,,,4.081254881,4.38720655
ISR,2002,5.786657455,,,,4.095267502,4.42173243
ISR,2003,6.515668138333332,,,,4.069607248,4.2819376
ISR,2004,6.151667963666667,,,,4.11392022,4.19897032
ISR,2005,6.910200659333333,,,,4.105231526,4.12496138
ISR,2006,5.680053124333334,,,,4.163225127,4.17553473
ISR,2007,5.376207346000001,,,,4.187494078,4.04315805
ISR,2008,5.224703377666667,,,,4.300534107,4.17143965
ISR,2009,6.075049840000001,,,,4.282775025,4.20548964
ISR,2010,6.784260709666666,,,,4.24815778,4.30216122
ISR,2011,5.592994439666666,,,,4.213433703,4.25976515
ISR,2012,6.104274602333334,,,,4.233519985,4.34608603
ISR,2013,5.069688659666666,,,,4.173052219,4.40172148
ISR,2014,4.9702942163333335,,,,4.099818979,4.43815184
ISR,2015,4.487802891666667,,,,4.043419979,4.45243502
ISR,2016,5.068826754333333,9.87036,0.1364,,4.045141928,4.49493361
ISR,2017,4.984401696333333,,,,4.082343514,4.58158922
ISR,2018,5.323063920333333,,,,4.143533179,4.67882729
ISR,2019,4.987829591,,,,4.168059218,4.67124081
ISR,2020,4.999454195333334,,,,4.221858618,5.25961494
ISR,2021,4.398203032666667,,,,4.252265212,5.60308933
ISR,2022,,,,,4.258945769,4.42022657
ISR,2023,,,,,4.188705645,4.63090897
ISR,2024,,,,,4.188705645,
ITA,2000,5.805872910666667,,,,10.212789549,5.48200989
ITA,2001,5.6540164520000005,,,,10.212789549,5.75421619
ITA,2002,5.703479658666666,,,,10.056940191,5.87404585
ITA,2003,5.498563438666667,,,,9.830339883,5.8810792
ITA,2004,5.326853838333333,,,,9.635986153,6.20417976
ITA,2005,4.9657021949999995,,,,9.353912543,6.43857861
ITA,2006,4.874273079333333,,,,9.149450548,6.52941465
ITA,2007,4.897468301666667,,,,8.916035894,6.27780056
ITA,2008,5.078966425666667,,,,8.520874981,6.60362339
ITA,2009,5.09266038,,,,8.254643101,6.97926426
ITA,2010,5.0232800929999994,,,,7.92742863,6.96612167
ITA,2011,5.343332158666667,,,5.0,8.005159791,6.72206736
ITA,2012,5.512621351,,,,7.933126874,6.63017321
ITA,2013,5.429154320333333,,,,8.055093406,6.60825253
ITA,2014,5.186749189666667,,,,7.94180945,6.63854408
ITA,2015,4.9706680930000005,5.97773,0.59492,,7.852883356,6.54743338
ITA,2016,4.461626828,,,,7.92760861,6.44775581
ITA,2017,4.897481529333334,,,,8.215961361,6.37222385
ITA,2018,4.742529563666667,,,,8.468561686,6.34945059
ITA,2019,4.634918948,,,,8.425595661,6.31018782
ITA,2020,4.313936645,,,,8.424070207,7.25222397
ITA,2021,4.669695143666666,,,,8.45176714,6.91720438
ITA,2022,,,,,8.547560141,6.52353668
ITA,2023,,,,,8.439022719,6.14251709
ITA,2024,,,,,8.439022719,
JAM,2000,1.3132016746666666,,,,4.102858589,3.18738079
JAM,2001,1.318546533,,,,4.102858589,2.40047431
JAM,2002,1.2425764683333334,,,,3.894350006,2.76125169
JAM,2003,1.13981004,,,,3.854923135,2.04667425
JAM,2004,1.023127118,,,,3.867399248,2.47339988
JAM,2005,1.7545638636666665,,,,3.936153024,2.23363185
JAM,2006,0.9310371883333333,,,,3.916595429,2.00050378
JAM,2007,2.8759823993333336,,,,3.89904757,2.66426182
JAM,2008,2.810748596,,,,3.853213498,2.95135403
JAM,2009,1.8750083469999999,,,,3.874500784,2.94776607
JAM,2010,1.201252879,,,,3.872520865,3.04630113
JAM,2011,1.672141085,,,6.04,3.916975791,3.09656906
JAM,2012,1.2039739793333333,,,,3.941001211,2.78247046
JAM,2013,1.1953072893333332,,,,3.971935883,2.97220016
JAM,2014,1.2006583496666667,,,,4.018443388,3.06121469
JAM,2015,1.7315632173333333,1.14905,0.06964,,3.982616351,3.55884409
JAM,2016,1.696969318,,,,3.983787412,3.62554812
JAM,2017,1.7469618653333334,,,,4.030625093,4.06524467
JAM,2018,1.69541626,,,,4.106507173,3.88880324
JAM,2019,1.7257854983333332,,,,3.974788264,3.97861576
JAM,2020,1.5816868846666667,,,,3.961822573,4.52264309
JAM,2021,1.7156563466666668,,,,4.085790656,5.11554575
JAM,2022,,,,,4.349012855,5.92761612
JAM,2023,,,,,4.363073518,4.8935523
JAM,2024,,,,,4.363073518,
JOR,2000,2.586381182333333,,,,0.525170304,4.20303917
JOR,2001,2.4667786866666668,,,,0.525170304,4.36767626
JOR,2002,2.3808892729999998,,,,0.524011873,4.39886856
JOR,2003,2.2468012300000004,,,,0.521265111,4.0944252
JOR,2004,2.208938488333333,,,,0.521234526,3.43877316
JOR,2005,1.9992704246666666,,,,0.530288981,4.39218235
JOR,2006,1.7036189963333335,,,,0.536696066,3.93785167
JOR,2007,1.4095911250000002,,,,0.550116414,4.48511505
JOR,2008,1.3251758713333335,,,,0.552836926,5.13681602
JOR,2009,1.201850134,,,,0.550749223,6.18757915
JOR,2010,1.1202172903333334,,,,0.525673469,5.45029831
JOR,2011,1.0152688063333333,,,,0.503916536,5.49565887
JOR,2012,0.9922809250000001,,,,0.481330658,5.03539467
JOR,2013,0.9551402859999999,,,,0.468741697,4.41074276
JOR,2014,0.938546686,,,,0.431896417,4.64796257
JOR,2015,0.9036070949999999,,,,0.398318526,3.99459696
JOR,2016,0.9089438853333333,1.12454,0.03275,,0.364266313,3.1935668
JOR,2017,0.8661485133333334,,,,0.348575404,3.18527389
JOR,2018,0.8301585943333333,,,,0.325223256,3.00017619
JOR,2019,0.8304960636666667,,,,0.287122351,3.03746152
JOR,2020,0.7416038393333334,,,,0.265207582,3.41537142
JOR,2021,0.6642474533333333,,,,0.261581329,3.33083987
JOR,2022,,,,,0.280354704,3.41554523
JOR,2023,,,,,0.28103515,3.44745827
JOR,2024,,,,,0.28103515,
JPN,2000,18.24174006666667,,,,7.269712447,5.65793514
JPN,2001,17.647770273000003,,,,7.269712447,5.86137772
JPN,2002,18.107988657,,,,7.234478712,5.93724489
JPN,2003,19.772622143333333,,,,7.193791056,5.98652935
JPN,2004,18.666867426666666,,,,7.270758522,6.04880905
JPN,2005,19.074052058666666,,,,7.362305888,6.2159934
JPN,2006,18.722112383333336,,,,7.270815355,6.17422724
JPN,2007,19.474827286666667,,,,7.02079662,6.32067204
JPN,2008,19.360709226666668,,,,6.801788752,6.56596708
JPN,2009,19.82398892333333,,,,6.731624142,7.282969
JPN,2010,19.152023893333332,,,,6.727963249,7.42507124
JPN,2011,18.767538203333334,,,4.94,6.717534493,8.78255081
JPN,2012,17.353034394,,,,6.744501399,8.9568243
JPN,2013,17.016844273666667,,,,6.707314918,8.99433517
JPN,2014,16.091656824999998,,,,6.69135682,9.02501678
JPN,2015,15.208101103333334,,,,6.645321138,9.03866768
JPN,2016,14.070419472333333,11.86717,0.45009,,6.665514253,8.95745564
JPN,2017,13.813193740333332,,,,6.630703433,8.97414494
JPN,2018,13.654825305333333,,,,6.583634411,8.99690151
JPN,2019,13.432207457333334,,,,6.457330229,9.2108326
JPN,2020,14.372412728,,,,6.33300368,9.777771
JPN,2021,14.727050224666668,,,,6.269566968,10.42161942
JPN,2022,,,,,6.275095477,10.60008049
JPN,2023,,,,,6.259979264,9.11008263
JPN,2024,,,,,6.259979264,
KAZ,2000,35.69103599666666,,,,3.872613097,2.11957979
KAZ,2001,35.807761486666664,,,,3.872613097,1.96616435
KAZ,2002,34.84516021333334,,,,3.959477117,1.93378294
KAZ,2003,36.3987483,,,,4.095265709,2.04266071
KAZ,2004,38.33501376666667,,,,4.293044715,2.32648873
KAZ,2005,36.93665223666667,,,,4.472704391,2.53736401
KAZ,2006,35.52321296,,,,4.714165954,2.3206408
KAZ,2007,35.47615115,,,,4.668323231,1.79586542
KAZ,2008,32.83856997666667,,,,4.467390235,2.2773366
KAZ,2009,29.453382609666665,,,,4.451875643,2.66703558
KAZ,2010,28.909947668,,,,4.43210722,1.84399545
KAZ,2011,27.492658935666668,,,,4.617654252,1.84243834
KAZ,2012,26.343169400333334,,,,4.546822138,2.06988907
KAZ,2013,25.638052603666665,,,,4.590407087,1.84699571
KAZ,2014,23.413530759,,,,4.440565161,2.13331318
KAZ,2015,22.702515396333336,,,,4.363415127,1.91990697
KAZ,2016,21.088773719,,,,4.400340702,2.04025173
KAZ,2017,20.049864130333336,,,,4.676034495,1.89267063
KAZ,2018,19.727720664333333,,,,4.691151214,1.76464748
KAZ,2019,19.957987599333332,,,,4.729426622,1.72108889
KAZ,2020,18.027091972666668,,,,4.621135934,2.52114773
KAZ,2021,15.617691271666667,,,,5.22874329,2.60474586
KAZ,2022,,,,,5.710824029,2.30231667
KAZ,2023,,,,,5.95617311,2.47987461
KAZ,2024,,,,,5.95617311,
KEN,2000,10.316310434666667,,,,0.870803429,0.99913371
KEN,2001,10.208807913666666,,,,0.870803429,1.05907285
KEN,2002,10.685549646333333,,,,0.826251991,1.10948944
KEN,2003,10.665617963,,,,0.810251832,1.12453854
KEN,2004,10.698824054666668,,,,1.017035367,1.07972252
KEN,2005,10.841953226666666,,,,1.258363007,1.11996722
KEN,2006,10.922379256,,,,1.521828508,1.17933488
KEN,2007,11.289942178333334,,,,1.614781758,1.27245092
KEN,2008,11.401191526666667,,,,1.659606048,1.35639918
KEN,2009,11.508461271333333,,,,1.747119462,1.4598949
KEN,2010,11.772376025333335,,,,1.770140562,1.56062746
KEN,2011,11.406401015666667,,,,1.866321311,1.60566163
KEN,2012,9.846393349,,,,1.882565336,1.62624443
KEN,2013,9.740773098,,,,1.895388495,1.66091359
KEN,2014,9.377062479333333,,,,1.939033894,1.83768213
KEN,2015,9.901370296333333,,,,1.99842959,1.92388499
KEN,2016,9.564308175666667,0.18418,0.03176,,2.075366639,2.03529072
KEN,2017,10.444352273,,,,2.091911566,1.71156442
KEN,2018,11.723304849,,,,2.060377571,1.7670722
KEN,2019,11.413913479333333,,,,1.956119232,2.00870633
KEN,2020,10.781204292666667,,,,2.027411878,2.2100935
KEN,2021,9.224035781666666,,,,2.129446048,2.22920752
KEN,2022,,,,,2.27071113,2.00364423
KEN,2023,,,,,2.247474313,1.95431077
KEN,2024,,,,,2.247474313,
KGZ,2000,16.914044539,,,,5.483785508,2.13439822
KGZ,2001,16.056102324666668,,,,5.483785508,2.00316715
KGZ,2002,16.278830541,,,,6.209274438,2.21980453
KGZ,2003,15.510625395666665,,,,6.473436935,2.26654911
KGZ,2004,14.784812330666666,,,,6.583045869,2.33701825
KGZ,2005,14.544488164333332,,,,6.681094618,3.79884839
KGZ,2006,13.963154670666666,,,,6.717800195,4.21177483
KGZ,2007,13.553888336,,,,6.676154304,3.08531475
KGZ,2008,13.011286273000001,,,,6.424262601,2.89586782
KGZ,2009,12.689462946,,,,6.367033256,3.48071551
KGZ,2010,12.693315219666667,,,,6.296295411,3.41518092
KGZ,2011,12.825440923666667,,,4.0,6.433813633,3.69314909
KGZ,2012,12.603339009333332,,,,6.397197717,4.22100592
KGZ,2013,11.703909285,,,,6.478047115,3.94686103
KGZ,2014,11.385707560999998,,,,6.279571844,2.74904537
KGZ,2015,11.214120765000002,,,,6.052085869,2.71162796
KGZ,2016,10.180823607333334,1.68786,0.13639,,5.601371269,2.49723411
KGZ,2017,10.276768275,,,,5.234172049,2.34767461
KGZ,2018,10.061205586,,,,4.719162568,2.42471886
KGZ,2019,9.894666298333334,,,,4.141323478,2.18779993
KGZ,2020,8.145791973,,,,3.803332687,2.21847796
KGZ,2021,7.91533367,,,,3.631583945,2.95868587
KGZ,2022,,,,,3.507168624,2.64341927
KGZ,2023,,,,,3.29120031,2.40183544
KGZ,2024,,,,,3.29120031,
KHM,2000,6.094390169333333,,,,0.797741956,1.27856123
KHM,2001,6.075163061666667,,,,0.797741956,1.13873184
KHM,2002,5.623671765,,,,0.874339568,1.3330735
KHM,2003,5.594779355,,,,0.964842961,1.37088227
KHM,2004,5.687575138333333,,,,1.046598628,1.24548018
KHM,2005,5.764730467333333,,,,1.125970552,1.08696556
KHM,2006,5.749862515,,,,1.206163967,0.83623242
KHM,2007,5.849259328,,,,1.279084333,0.82912254
KHM,2008,5.771890574333334,,,,1.329603259,0.87098134
KHM,2009,5.668450637333334,,,,1.480375549,1.01281023
KHM,2010,5.675969607,,,,1.637233174,1.10954452
KHM,2011,5.542023730333334,,,,1.795641279,1.02417195
KHM,2012,5.538203423,,,,1.892082765,1.08205044
KHM,2013,5.401045009333333,,,,2.095294219,1.11564887
KHM,2014,5.329886769000001,,,,2.408516152,1.0150677
KHM,2015,5.299588234,,,,2.921598817,1.00400126
KHM,2016,5.271735793666667,0.38666,0.00644,,3.528526035,1.04308498
KHM,2017,5.231275888,,,,4.34284525,1.1320188
KHM,2018,5.188930289333333,,,,5.421322233,1.20929301
KHM,2019,5.164905531333333,,,,6.029471719,1.22948682
KHM,2020,5.027716742333333,,,,5.411210921,1.40071249
KHM,2021,5.110751160666666,,,,4.638149413,3.00353575
KHM,2022,,,,,3.885918455,1.17839336
KHM,2023,,,,,4.160671076,1.24129963
KHM,2024,,,,,4.160671076,
KIR,2000,22.05453068,,,,0.955591208,7.51573658
KIR,2001,21.80913398466667,,,,0.955591208,11.49674606
KIR,2002,21.534127577333333,,,,0.929915213,10.99297142
KIR,2003,20.740052519666666,,,,0.905557463,9.63364887
KIR,2004,20.669696133333336,,,,0.884669987,11.80788708
KIR,2005,21.545121506666664,,,,0.864967192,10.94691277
KIR,2006,20.703440802666666,,,,1.005528153,9.41590595
KIR,2007,22.056611614666668,,,,0.988089413,8.82424259
KIR,2008,22.602374669333333,,,,0.972122361,10.07999992
KIR,2009,22.301690403666665,,,,0.803115935,8.11666679
KIR,2010,22.21368813733333,,,,0.790565039,7.94999981
KIR,2011,22.758240388999997,,,,0.779381487,7.53157902
KIR,2012,22.213243076666668,,,,0.757297069,7.0250001
KIR,2013,22.624109356333335,,,,0.736593045,7.14354086
KIR,2014,22.036386807,,,,0.716756668,7.37837839
KIR,2015,21.84812224166667,,,,0.709317558,6.08627462
KIR,2016,22.218259920666668,,,,0.707998503,7.69784164
KIR,2017,21.161267897666665,,,,0.702105891,8.31615162
KIR,2018,20.646901131666667,,,,0.691379138,8.78594208
KIR,2019,21.284663955000003,,,,0.669949328,9.23076916
KIR,2020,20.248883938000002,,,,0.658349903,9.50155735
KIR,2021,19.25856402633333,,,,0.645924139,8.8684206
KIR,2022,,,,,0.638498443,8.51073647
KIR,2023,,,,,0.630966083,8.58790588
KIR,2024,,,,,0.630966083,
KNA,2000,,,,,9.119602671,2.01197886
KNA,2001,,,,,9.119602671,1.91941488
KNA,2002,,,,,9.246026892,1.92994869
KNA,2003,,,,,9.514006257,2.09647655
KNA,2004,,,,,10.193773944,2.16082859
KNA,2005,,,,,11.032130394,2.22139931
KNA,2006,,,,,11.389519502,2.23068857
KNA,2007,,,,,11.281273874,2.08316684
KNA,2008,,,,,10.835339469,1.79803109
KNA,2009,,,,,10.102343723,1.9731133
KNA,2010,,,,,9.513211805,1.96334112
KNA,2011,,,,1.09,9.015296754,1.91958332
KNA,2012,,,,,9.023194072,1.96832883
KNA,2013,,,,,9.069866782,1.92399502
KNA,2014,,,,,9.094823321,1.94636261
KNA,2015,,,,,9.207962316,1.94096529
KNA,2016,,,,,9.361009233,2.17921019
KNA,2017,,5.52608,3.68406,,9.558594061,2.19368339
KNA,2018,,,,,9.794077892,2.25112653
KNA,2019,,,,,9.14314498,2.55811405
KNA,2020,,,,,8.345093859,3.04861951
KNA,2021,,,,,7.573589963,3.54911423
KNA,2022,,,,,7.739142499,2.90488815
KNA,2023,,,,,8.277198791,3.11200881
KNA,2024,,,,,8.277198791,
KOR,2000,14.791247706999998,,,,10.964434546,1.88174403
KOR,2001,15.784748608666666,,,,10.964434546,2.25876665
KOR,2002,18.937559696666668,,,,10.742945545,2.14096594
KOR,2003,23.775644203333332,,,,10.005061813,2.24646783
KOR,2004,24.483975383333334,,,,9.832287012,2.25043464
KOR,2005,25.393953776666663,,,,9.556405057,2.38401437
KOR,2006,21.98693744666667,,,,9.506323249,2.63494611
KOR,2007,24.55750886,,,,9.589512575,2.72422862
KOR,2008,25.496152820000002,,,,9.629772237,2.80182195
KOR,2009,30.019621856666664,,,,9.576093669,3.12681341
KOR,2010,29.231551596666666,,,,9.423987715,3.20370984
KOR,2011,29.170986566666667,,,,9.421212181,3.2194593
KOR,2012,25.008082966666667,,,,9.373066443,3.23771381
KOR,2013,24.68606869,,,,9.401425356,3.3175869
KOR,2014,22.97459753,,,,9.434974998,3.40634632
KOR,2015,21.640996153333333,,,,9.397453965,3.50807333
KOR,2016,20.69519233,5.79322,0.38938,,9.287649119,3.65121055
KOR,2017,19.41053905,,,,9.076137068,3.78743124
KOR,2018,21.26290147,,,,8.944142018,4.03568125
KOR,2019,21.281081476666667,,,,8.749753067,4.43231916
KOR,2020,20.57842945333333,,,,8.466730575,4.67086744
KOR,2021,20.7869158,,,,8.360165184,5.07723141
KOR,2022,,,,,8.280858775,5.52341843
KOR,2023,,,,,8.263907845,5.0180707
KOR,2024,,,,,8.263907845,
KWT,2000,3.129286933,,,,0.163696157,1.59861708
KWT,2001,3.7561830023333336,,,,0.163696157,2.51429915
KWT,2002,4.424679437333334,,,,0.160549052,2.39965487
KWT,2003,3.898225902666667,,,,0.164348996,2.12259054
KWT,2004,3.605988358,,,,0.168685943,1.79756808
KWT,2005,3.1792935633333332,,,,0.17242118,1.53435338
KWT,2006,2.5138045436666663,,,,0.17479675,1.39375639
KWT,2007,1.3069878879999999,,,,0.171336709,1.47248399
KWT,2008,1.3186427463333332,,,,0.163935354,1.50249875
KWT,2009,1.207622269,,,,0.153021254,2.2079618
KWT,2010,1.1249638876666668,,,,0.142830797,2.25556993
KWT,2011,0.9567436366666667,,,,0.132874904,1.97078466
KWT,2012,1.10699502,,,,0.124983419,1.9472518
KWT,2013,1.1432858460000002,,,,0.120822069,2.08904266
KWT,2014,1.2151177433333333,,,,0.119271129,2.466609
KWT,2015,1.6290339473333333,,,,0.114684426,3.57679915
KWT,2016,1.5812109826666667,,,,0.106060625,4.03627825
KWT,2017,1.6380720469999999,,,,0.095720725,3.98828077
KWT,2018,1.5523642423333335,,,,0.08493524,4.56324148
KWT,2019,1.6243729663333333,,,,0.077641575,4.56783867
KWT,2020,1.8302840056666667,,,,0.071769324,5.41016102
KWT,2021,1.943175421,,,,0.069886823,4.77891159
KWT,2022,,,,,0.079574586,3.70099521
KWT,2023,,,,,0.115799689,4.39482975
KWT,2024,,,,,0.115799689,
LAO,2000,7.393400895666667,,,,1.777695248,1.23305964
LAO,2001,7.2907712196666665,,,,1.777695248,1.3295666
LAO,2002,6.965899443666667,,,,1.928224609,1.01875496
LAO,2003,6.582866742999999,,,,2.087428721,1.09625208
LAO,2004,6.403527367333333,,,,2.299978982,0.79425544
LAO,2005,6.511018990666667,,,,2.502129654,0.90671808
LAO,2006,6.308003018,,,,2.769927508,0.64221585
LAO,2007,5.983451698333333,,,,3.080477149,0.58968216
LAO,2008,6.129546609999999,,,,3.438615677,0.51332533
LAO,2009,5.900465612333334,,,,3.781611337,1.14663947
LAO,2010,5.772519572333334,,,,4.067120953,0.60363603
LAO,2011,5.615012828333334,,,,4.346348607,0.36693901
LAO,2012,5.484132850666666,,,,4.508370222,0.43670169
LAO,2013,5.375876814000001,,,,4.583696865,0.71266264
LAO,2014,5.363868935666667,,,,4.640246916,0.68373317
LAO,2015,5.2444443713333335,,,,4.831180375,0.86391306
LAO,2016,5.163868003666667,,,,5.084728776,0.76494843
LAO,2017,5.093815985666667,,,,5.311178641,0.88887793
LAO,2018,5.0741637913333335,,,,5.515473439,0.86922747
LAO,2019,5.040029805666667,,,,5.57677293,0.96142328
LAO,2020,4.538291591666667,,,,5.430645029,0.79207379
LAO,2021,5.021971949666667,,,,5.48621205,0.71924585
LAO,2022,,,,,5.634294861,0.62643725
LAO,2023,,,,,5.91723396,0.52790278
LAO,2024,,,,,5.91723396,
LBN,2000,1.027256677,,,,2.017439713,3.22929931
LBN,2001,0.988240251,,,,2.017439713,3.45263052
LBN,2002,0.9604697066666666,,,,2.024873721,3.04984355
LBN,2003,0.9447102516666668,,,,2.005709483,2.93956637
LBN,2004,0.9267889213333333,,,,2.001226032,2.96955347
LBN,2005,0.9217580433333333,,,,1.934545089,2.89969206
LBN,2006,0.9073793023333333,,,,1.906907604,3.55163956
LBN,2007,0.8929915249999999,,,,1.963275075,3.51309872
LBN,2008,0.884220814,,,,2.066040038,3.07543588
LBN,2009,0.8704299746666666,,,,2.209249137,2.67676353
LBN,2010,0.8577386186666667,,,,2.269179832,2.99847841
LBN,2011,0.8611537829999999,,,4.8,2.231045485,3.57470489
LBN,2012,0.8619552576666667,,,,2.063993791,3.04691243
LBN,2013,0.8625473066666666,,,,1.920861428,3.12071991
LBN,2014,0.8406859293333332,,,,1.835961489,3.57181931
LBN,2015,0.8211289416666667,1.21337,0.13672,,1.857758264,3.37505221
LBN,2016,0.773012257,,,,1.917354367,3.72473431
LBN,2017,0.7609110016666666,,,,2.013524721,3.67671943
LBN,2018,0.718370898,,,,2.076860947,3.77159619
LBN,2019,0.7196618786666668,,,,2.033412178,4.28126144
LBN,2020,0.819774371,,,,1.995583866,3.32454515
LBN,2021,0.7085397429999999,,,,1.976595132,1.18353021
LBN,2022,,,,,2.031050107,1.51495135
LBN,2023,,,,,1.993961933,2.11316371
LBN,2024,,,,,1.993961933,
LBR,2000,9.120895955666667,,,,2.033672328,0.64587975
LBR,2001,8.928816071333333,,,,2.033672328,0.5318647
LBR,2002,9.335506640666667,,,,1.983869046,0.56401348
LBR,2003,8.700680792,,,,1.984114573,0.4171488
LBR,2004,9.300895383666667,,,,1.992989232,0.51704127
LBR,2005,8.799470939,,,,1.978250147,0.54538667
LBR,2006,9.011363908666667,,,,1.957482646,0.47191602
LBR,2007,8.971965307,,,,1.927264868,0.73447984
LBR,2008,9.069548062666668,,,,1.911958074,0.91902161
LBR,2009,9.532663752333333,,,,1.856783884,1.1980319
LBR,2010,9.974789108666666,,,,1.828265547,1.2732017
LBR,2011,10.436570165666668,,,,1.778991122,1.51829398
LBR,2012,10.191360350333333,,,,1.778752477,1.55076897
LBR,2013,9.868760388333333,,,,1.718903416,0.31744617
LBR,2014,9.57330159,,,,1.725694575,0.82358247
LBR,2015,9.62909282,,,,1.700998067,1.20420825
LBR,2016,9.638847122,0.04445,0.06667,,1.773116713,1.39315951
LBR,2017,9.788223450333334,,,,1.803950213,1.38745701
LBR,2018,9.639535291,,,,1.940622689,1.68725502
LBR,2019,9.654807865,,,,1.918445305,1.3562839
LBR,2020,9.840838512,,,,1.911955724,1.32303464
LBR,2021,9.736841570333333,,,,1.755090632,1.11087501
LBR,2022,,,,,1.722641865,1.29002357
LBR,2023,,,,,1.686923925,1.30092859
LBR,2024,,,,,1.686923925,
LBY,2000,4.799745061,,,,0.0,1.61668956
LBY,2001,5.376969905999999,,,,0.0,2.13841844
LBY,2002,4.992385647,,,,0.0,3.17035413
LBY,2003,5.064666478333333,,,,0.0,2.63191676
LBY,2004,4.668382830666666,,,,0.0,2.22574258
LBY,2005,4.531105791333334,,,,0.0,1.62736928
LBY,2006,3.979708185,,,,0.0,1.50322449
LBY,2007,4.3871058026666665,,,,0.0,1.60953808
LBY,2008,4.767096886666667,,,,0.0,1.51853251
LBY,2009,5.121468381,,,,0.0,2.46476388
LBY,2010,5.154593451,,,,0.0,2.29442048
LBY,2011,6.4038316669999995,,,,0.0,2.54379559
LBY,2012,4.526451443333333,,,,0.0,2.91900086
LBY,2013,4.001095059666667,,,,0.00518625,3.6518445
LBY,2014,5.814683917,,,,0.008625709,3.42913532
LBY,2015,6.015002141,,,,0.009498089,4.02187729
LBY,2016,5.759563785666667,,,,0.004311839,4.16492653
LBY,2017,6.408802857,,,,0.00087238,3.09533191
LBY,2018,6.594187730333334,,,,0.000820706,3.48153329
LBY,2019,6.050084098666666,,,,0.001625595,3.95533991
LBY,2020,5.10068434,,,,0.002415281,5.58700848
LBY,2021,5.083585090666666,,,,0.002369127,4.47216082
LBY,2022,,,,,0.002324273,3.14845943
LBY,2023,,,,,0.002294623,6.25568771
LBY,2024,,,,,0.002294623,
LCA,2000,8.705642919,,,,11.572997324,1.67430913
LCA,2001,8.537475641333332,,,,11.572997324,1.7875514
LCA,2002,7.8330618670000005,,,,11.810512876,1.82975125
LCA,2003,8.038862887666667,,,,12.103256338,1.64275706
LCA,2004,7.4465234659999995,,,,12.429529656,1.56948078
LCA,2005,7.333650573,,,,12.640384728,1.60310745
LCA,2006,7.401643549666666,,,,12.724031658,1.56014967
LCA,2007,6.892451573,,,,12.534809913,1.55791318
LCA,2008,6.809735700666667,,,,11.972298649,1.60530984
LCA,2009,6.849112388333334,,,,11.724384286,1.8166678
LCA,2010,7.585967168000001,,,,11.559182952,1.81502438
LCA,2011,6.852479207333334,,,4.13,11.539141464,1.81603396
LCA,2012,7.9970922416666665,,,,11.159620388,2.03916478
LCA,2013,7.182702837,,,,10.895755099,2.07502913
LCA,2014,7.146896680333334,,,,10.857218992,1.91464138
LCA,2015,7.327449240333333,,,,11.148686082,1.99191558
LCA,2016,7.038309258999999,0.56431,,,11.446365043,1.95973325
LCA,2017,6.679118554333333,,,,11.672374841,2.03747821
LCA,2018,6.470814846333333,,,,11.731167785,1.98067319
LCA,2019,6.692884799333332,,,,11.373622043,2.07973409
LCA,2020,6.735998355333334,,,,11.318573611,3.02728176
LCA,2021,4.830587117,,,,11.313089356,2.75269866
LCA,2022,,,,,11.540232737,2.25815845
LCA,2023,,,,,11.830751441,2.38351178
LCA,2024,,,,,11.830751441,
LIE,2013,,,,,,3.83092952
LIE,2014,,,,,,3.69935989
LIE,2015,,,,,,3.77818871
LIE,2016,,,,,,3.79975724
LIE,2017,,,,,,3.58753037
LIE,2018,,,,,,3.53447771
LIE,2019,,,,,,3.76001668
LIE,2020,,,,,,4.1560874
LIE,2021,,,,,,3.69411302
LIE,2022,,,,,,3.82908344
LIE,2023,,,,,,3.94563389
LKA,2000,40.453364963333335,,,,1.922860408,2.20320439
LKA,2001,35.149922876666665,,,,1.922860408,2.13245368
LKA,2002,31.214317943333338,,,,2.030631051,2.15791655
LKA,2003,29.353820810000002,,,,1.965123232,2.00852442
LKA,2004,26.24774594333333,,,,2.026900156,2.12875676
LKA,2005,26.391524523666664,,,,2.053892108,2.04192138
LKA,2006,24.952809562,,,,2.273769125,1.96220529
LKA,2007,22.752399745,,,,2.332981917,1.85378098
LKA,2008,21.900452978000004,,,,2.360478677,1.66602755
LKA,2009,19.573441354333333,,,,2.342359471,1.64707983
LKA,2010,17.837667941,,,,2.513513261,1.51292467
LKA,2011,18.614926316333335,,,,2.728544304,1.52385986
LKA,2012,17.474491244666666,,,,2.789357417,1.39617562
LKA,2013,16.284172678666668,,,,2.660420695,1.6775682
LKA,2014,15.18688532,,,,2.589065671,1.55114651
LKA,2015,14.848744388333335,,,,2.577545025,1.61882555
LKA,2016,15.100748308666667,,,,2.616453047,1.56008303
LKA,2017,15.101413963333334,0.51656,0.14966,,2.580317726,1.36585641
LKA,2018,15.284570664999999,,,,2.510959758,1.66403663
LKA,2019,15.740971401000001,,,,2.391281528,1.73423195
LKA,2020,12.194060609333334,,,,2.31071544,2.15588403
LKA,2021,14.407593655666666,,,,2.454587862,2.2609117
LKA,2022,,,,,2.530176372,1.52578461
LKA,2023,,,,,2.491993613,1.23655903
LKA,2024,,,,,2.491993613,
LSO,2000,18.001704368000002,,,,3.227122024,2.90852237
LSO,2001,16.556486019,,,,3.227122024,3.60629058
LSO,2002,17.832586177666666,,,,3.166517213,3.18394804
LSO,2003,20.101351584333333,,,,3.176958112,3.14434719
LSO,2004,21.289729942,,,,3.238564807,2.99280524
LSO,2005,22.816568163333333,,,,3.308974849,2.25555015
LSO,2006,24.34804806,,,,3.326256176,3.04879928
LSO,2007,27.84768726333333,,,,3.364110342,4.63973618
LSO,2008,21.3479289,,,,3.431999549,4.36957979
LSO,2009,20.71507679,,,,3.327823155,4.86539936
LSO,2010,34.62497113,,,,3.175825744,3.9816153
LSO,2011,36.238141516666666,,,1.8,2.896476533,4.93363905
LSO,2012,28.27035236,,,,2.808345971,5.62558651
LSO,2013,31.500667503333332,,,,2.763858745,6.12028074
LSO,2014,36.98117203,,,,3.011779644,5.8080492
LSO,2015,37.95815764,,,,3.104842418,5.62011147
LSO,2016,36.87292483666667,,,,3.263324708,5.59334755
LSO,2017,35.67177163333333,,,,3.752276728,6.03923559
LSO,2018,37.13992019333333,,,,4.05623084,5.5954361
LSO,2019,37.73625937333333,,,,4.1096729,6.75437784
LSO,2020,42.40233034,,,,3.805511035,4.87197256
LSO,2021,37.580912803333334,,,,3.961761397,4.38429165
LSO,2022,,,,,4.210551699,6.55054998
LSO,2023,,,,,4.243445653,5.84427834
LSO,2024,,,,,4.243445653,
LTU,2000,47.40558323333334,,,,12.286657452,4.16024494
LTU,2001,43.87480515666667,,,,12.286657452,4.21362257
LTU,2002,44.12757846333333,,,,12.76259524,4.46694374
LTU,2003,41.90544095,,,,13.392210008,4.59060907
LTU,2004,39.92488034,,,,13.579628268,3.43413758
LTU,2005,38.58047091,,,,13.936421351,3.42760634
LTU,2006,30.879094414000004,,,,14.172600901,3.65662551
LTU,2007,30.782586620666667,,,,14.505784835,3.79175305
LTU,2008,33.900635696,,,,14.235613765,4.44847679
LTU,2009,34.288676282000004,,,,13.616118633,5.27926397
LTU,2010,32.575738529666665,,,,13.949873095,4.90936899
LTU,2011,33.092631903333334,,,,14.571299079,4.59981918
LTU,2012,30.174398589666666,,,,15.353153884,4.20211172
LTU,2013,35.39032468333333,,,,13.523498694,4.03710175
LTU,2014,30.182673756,,,,12.893762024,4.14252853
LTU,2015,29.252202443666665,,,,12.133046777,4.2784977
LTU,2016,26.697854526333334,18.45203,0.68215,,12.837964315,4.37240982
LTU,2017,24.139130014,,,,12.193397808,4.21894503
LTU,2018,21.84133265466667,,,,11.744337461,4.26898956
LTU,2019,21.309935376333332,,,,11.67829924,4.52023697
LTU,2020,19.389477047666666,,,,12.079805935,5.09458399
LTU,2021,17.148335360666668,,,,12.054956191,5.21177673
LTU,2022,,,,,11.902759352,4.7339468
LTU,2023,,,,,11.233087349,4.75854826
LTU,2024,,,,,11.233087349,
LUX,2000,12.470631736666668,,,,8.10539834,4.93300676
LUX,2001,12.746411488333331,,,,8.10539834,5.36152744
LUX,2002,12.497811826000001,,,,8.416049928,5.67507315
LUX,2003,12.960612137,,,,8.540648228,5.83644247
LUX,2004,9.593105237666668,,,,8.535792236,6.15188742
LUX,2005,10.5949752,,,,8.00962546,5.99415827
LUX,2006,11.784053774999999,,,,7.698765247,5.56112909
LUX,2007,10.812285911666669,,,,7.439582114,5.25702858
LUX,2008,10.503835939,,,,7.396490697,5.46154928
LUX,2009,8.700461977,,,,7.144854216,6.02683735
LUX,2010,9.307619446333334,,,,7.113834607,5.72467899
LUX,2011,9.440883360666666,,,,7.023343609,4.96489
LUX,2012,8.913338860333333,,,,7.272859082,4.4276371
LUX,2013,8.844450468,,,,7.611932001,4.39057875
LUX,2014,9.990936216333333,,,,7.934001522,4.40729094
LUX,2015,9.769033170333334,17.82119,0.70579,,8.610402073,4.29385996
LUX,2016,7.567084584,,,,9.052018692,4.28179646
LUX,2017,7.614038542,,,,9.907467616,4.35383892
LUX,2018,7.597644753666667,,,,10.439129597,4.47836113
LUX,2019,8.642490444,,,,10.939603194,4.69412756
LUX,2020,7.677522461333333,,,,11.309042851,5.03816795
LUX,2021,6.225173502,,,,11.386464049,4.8814826
LUX,2022,,,,,11.514086312,4.88470221
LUX,2023,,,,,11.423294738,5.01267815
LUX,2024,,,,,11.423294738,
LVA,2000,31.096542187666667,,,,12.19160755,2.82781434
LVA,2001,28.700601998333337,,,,12.19160755,2.87069702
LVA,2002,28.177756743,,,,12.244464532,2.95235634
LVA,2003,25.985252917666667,,,,12.412104113,2.85846782
LVA,2004,23.269988471333335,,,,12.616913229,3.63743186
LVA,2005,23.001030292333336,,,,12.783966562,3.38735056
LVA,2006,19.965787768666665,,,,13.002229095,3.70522499
LVA,2007,17.894632819666665,,,,13.226248907,3.54180741
LVA,2008,22.689077069666666,,,,13.123643702,3.53879547
LVA,2009,22.584613239666666,,,,12.896651795,3.73898005
LVA,2010,19.616927563666668,,,,12.58111864,3.74602699
LVA,2011,19.129457244666668,,,5.9,12.567674425,3.75751281
LVA,2012,20.08897298633333,,,,12.585591971,3.39200068
LVA,2013,17.52819189,,,,12.598201997,3.36321855
LVA,2014,18.003951638666667,,,,12.603382922,3.37962747
LVA,2015,17.83629342633333,9.98664,0.15055,,12.690204449,3.43240261
LVA,2016,17.575840681,,,,12.980527522,3.54719949
LVA,2017,17.300882335666667,,,,13.217116023,3.53695512
LVA,2018,14.787610367666668,,,,13.574381193,3.82692361
LVA,2019,14.559978665666668,,,,14.075143049,4.10785341
LVA,2020,14.819282998666667,,,,14.686056669,4.76178408
LVA,2021,12.348759297666668,,,,14.63111989,6.52429104
LVA,2022,,,,,14.491238293,5.2459259
LVA,2023,,,,,14.180150426,4.32704115
LVA,2024,,,,,14.180150426,
MAC,2000,,,,,5.544919547,
MAC,2001,,,,,5.544919547,
MAC,2002,,,,,5.792481654,
MAC,2003,,,,,5.417806766,
MAC,2004,,,,,5.129959874,
MAC,2005,,,,,4.726661697,
MAC,2006,,,,,4.500467938,
MAC,2007,,,,,4.341739208,
MAC,2008,,,,,4.540055079,
MAC,2009,,,,,4.693260738,
MAC,2010,,,,,4.867606351,
MAC,2011,,,,,4.811834869,
MAC,2012,,,,,4.543352408,
MAC,2013,,,,,4.241762329,
MAC,2014,,,,,3.986998265,
MAC,2015,,,,,3.942557457,
MAC,2016,,,,,3.781949841,
MAC,2017,,,,,3.73025052,
MAC,2018,,,,,3.640207692,
MAC,2019,,,,,3.81296045,
MAC,2020,,,,,3.995431114,
MAC,2021,,,,,4.138489316,
MAC,2022,,,,,3.790304971,
MAC,2023,,,,,3.363861743,
MAC,2024,,,,,3.363861743,
MAR,2000,4.862524181333334,,,,0.479592629,0.93646741
MAR,2001,4.669742353666666,,,,0.479592629,1.00273478
MAR,2002,4.573200797999999,,,,0.480522792,1.08123076
MAR,2003,4.700120217666666,,,,0.478348452,0.99790573
MAR,2004,4.5704183296666665,,,,0.478143674,1.01085818
MAR,2005,4.570709389666667,,,,0.47943485,1.10253143
MAR,2006,4.429287740666667,,,,0.485394393,1.30186176
MAR,2007,4.140742809333333,,,,0.506455959,1.41620255
MAR,2008,4.126305903666666,,,,0.534746512,1.50152016
MAR,2009,4.18988611,,,,0.535600244,1.72093856
MAR,2010,4.119667030333333,,,,0.51829046,1.74102044
MAR,2011,4.082510603333334,,,,0.489353445,1.80912101
MAR,2012,3.9978164320000005,,,,0.477781412,1.85334969
MAR,2013,3.9080650093333333,,,,0.453349187,1.82751834
MAR,2014,3.787273240333333,,,,0.431722978,2.09785223
MAR,2015,3.6701036666666664,,,,0.418868433,1.98215687
MAR,2016,3.5603589183333333,0.839,0.08045,,0.434310883,2.00518847
MAR,2017,3.411851033,,,,0.449638538,1.98112547
MAR,2018,3.333955514,,,,0.467707245,1.9875257
MAR,2019,3.2936834596666666,,,,0.444351358,2.02342105
MAR,2020,2.979366914,,,,0.434594043,2.46551728
MAR,2021,2.968322395,,,,0.424875287,2.2556777
MAR,2022,,,,,0.445558483,2.90570426
MAR,2023,,,,,0.454929036,3.42813945
MAR,2024,,,,,0.454929036,
MCO,2000,,,,,,2.95726943
MCO,2001,,,,,,3.0067246
MCO,2002,,,,,,3.05441046
MCO,2003,,,,,,3.5898664
MCO,2004,,,,,,3.67036533
MCO,2005,,,,,,3.65047526
MCO,2006,,,,,,3.47215104
MCO,2007,,,,,,3.05636287
MCO,2008,,,,,,3.28902793
MCO,2009,,,,,,3.93795872
MCO,2010,,,,,,4.037848
MCO,2011,,,,,,3.76148415
MCO,2012,,,,,,3.86657739
MCO,2013,,,,,,3.70988655
MCO,2014,,,,,,3.59680939
MCO,2015,,,,,,3.48859453
MCO,2016,,31.32587,2.61049,,,3.57075405
MCO,2017,,,,,,3.61485219
MCO,2018,,,,,,3.51253462
MCO,2019,,,,,,3.3414309
MCO,2020,,,,,,3.77197242
MCO,2021,,,,,,3.297261
MCO,2022,,,,,,2.93881845
MCO,2023,,,,,,2.67197466
MDA,2000,19.170723136333333,,,,8.85166474,2.90143156
MDA,2001,21.025410087666668,,,,8.85166474,2.86584091
MDA,2002,19.402151980333333,,,,10.245513229,3.54672813
MDA,2003,20.34022716366667,,,,11.666911993,3.2140553
MDA,2004,19.596631792666667,,,,13.138116953,5.30847454
MDA,2005,20.172425627666666,,,,12.860804695,5.03950357
MDA,2006,20.577325926666663,,,,12.139866731,5.19462681
MDA,2007,17.738034787333333,,,,11.139731196,5.62990999
MDA,2008,19.240576197,,,,10.60011199,5.27913141
MDA,2009,19.39223279866667,,,,10.386499588,5.83283806
MDA,2010,19.717274820333333,,,,10.60084912,4.64634132
MDA,2011,14.212589151666668,,,3.24,11.356118071,4.24517536
MDA,2012,15.035718364666666,,,,12.014514688,4.43541145
MDA,2013,14.161312198666666,,,,11.99016002,4.05499315
MDA,2014,14.300764523333333,,,,11.683335871,4.30888414
MDA,2015,13.378594852666666,4.54995,0.07378,,11.354258189,3.87085724
MDA,2016,13.163856431333334,,,,11.409008032,3.7185328
MDA,2017,12.055939034333333,,,,11.679817245,3.60770988
MDA,2018,11.524521803666667,,,,11.86515228,3.79154086
MDA,2019,11.191575196666667,,,,11.846303458,3.87679625
MDA,2020,10.059613583666668,,,,12.2537454,4.54034805
MDA,2021,12.69919195,,,,12.548745253,5.05644417
MDA,2022,,,,,13.04503627,4.5151453
MDA,2023,,,,,12.988796776,4.68608952
MDA,2024,,,,,12.988796776,
MDG,2000,11.189350511,,,,1.181275177,1.84589028
MDG,2001,11.126814935333334,,,,1.181275177,1.83291543
MDG,2002,11.34936228,,,,1.05475396,1.74709666
MDG,2003,11.463453740666665,,,,0.936949234,2.17278719
MDG,2004,11.534870913333334,,,,0.903947591,2.17331147
MDG,2005,11.477314772,,,,0.852311627,1.93450081
MDG,2006,11.378782618666667,,,,0.836335264,1.89314044
MDG,2007,11.094356675666667,,,,0.835100352,1.90437353
MDG,2008,10.941418575,,,,0.919326267,1.41035628
MDG,2009,10.799325957999999,,,,0.971337268,1.30581379
MDG,2010,10.785946185666667,,,,1.00230427,1.86784148
MDG,2011,10.740168343999999,,,,0.938467155,1.67813444
MDG,2012,10.442717260333334,,,,0.888141005,1.48979211
MDG,2013,10.378344606666667,,,,0.900235347,1.30425918
MDG,2014,10.462181849666667,,,,0.927616006,1.74814212
MDG,2015,10.191025181999999,,,,0.958891957,1.99010992
MDG,2016,10.211841582,0.05777,0.04539,,0.962249215,2.37194586
MDG,2017,10.110527184333334,,,,0.976806875,2.24615121
MDG,2018,10.083034344666666,,,,0.970666482,1.49675477
MDG,2019,10.081184170666667,,,,0.957190236,0.68268955
MDG,2020,10.659243287333334,,,,0.911507365,0.68988532
MDG,2021,10.182260324666666,,,,0.848197024,0.74739987
MDG,2022,,,,,0.778853438,0.89582229
MDG,2023,,,,,0.727728763,0.98797482
MDG,2024,,,,,0.727728763,
MDV,2000,3.811710807666666,,,,0.687259904,2.56440163
MDV,2001,3.6849303819999997,,,,0.687259904,2.67766237
MDV,2002,3.534103180666667,,,,0.788503271,2.54975939
MDV,2003,3.4636538889999997,,,,0.92537489,2.1482141
MDV,2004,2.972822405,,,,0.933890837,2.31102347
MDV,2005,2.9808495799999997,,,,0.934282382,2.96756434
MDV,2006,3.0448700216666666,,,,0.991132573,2.95987701
MDV,2007,2.9570802460000003,,,,1.106030636,3.91466451
MDV,2008,2.958239079,,,,1.181990525,6.397439
MDV,2009,2.8738355703333336,,,,1.156497674,5.82381439
MDV,2010,2.7688163493333335,,,,1.159119763,4.49513102
MDV,2011,2.7175889296666664,,,,1.162714118,3.67702603
MDV,2012,2.6767828806666665,,,,1.143699338,4.20904255
MDV,2013,2.5195092540000004,,,,1.097276837,4.29976511
MDV,2014,2.530530891,,,,1.573449106,4.904356
MDV,2015,2.406943881,,,,2.077861089,6.23556709
MDV,2016,2.416318687,,,,2.05653986,7.37399292
MDV,2017,2.22890151,2.39004,0.239,,2.054386596,6.51826191
MDV,2018,1.9469930133333335,,,,2.085228833,5.63719177
MDV,2019,2.6712270206666666,,,,2.193191888,5.87739515
MDV,2020,2.2038818883333335,,,,1.752133106,9.15049744
MDV,2021,1.8537478073333336,,,,1.706613367,5.88344622
MDV,2022,,,,,2.074209602,5.57443285
MDV,2023,,,,,2.45994152,7.29846859
MDV,2024,,,,,2.45994152,
MEX,2000,4.149400196333333,,,,5.14073584,1.91919184
MEX,2001,4.428929049,,,,5.14073584,2.00498009
MEX,2002,4.422786708666667,,,,5.124261119,2.0620842
MEX,2003,4.542992945333333,,,,5.133232435,2.29952097
MEX,2004,4.519378006666667,,,,5.197336632,2.46993542
MEX,2005,4.619495525666667,,,,5.286993797,2.35726452
MEX,2006,4.409216254666667,,,,5.431253345,2.31543756
MEX,2007,4.467885819,,,,5.553910881,2.41293502
MEX,2008,4.727514975666666,,,,5.669033851,2.50039554
MEX,2009,4.991278875333333,,,,5.603526724,2.72910881
MEX,2010,4.758378816666666,,,,5.508484629,2.75687551
MEX,2011,5.492163263666666,,,0.65,5.316273575,2.79909682
MEX,2012,5.075385214333333,,,,5.195402552,2.87779689
MEX,2013,5.431240841,,,,5.141569798,2.9978776
MEX,2014,5.862059862333332,,,,5.262819189,2.78812504
MEX,2015,5.769725165666666,,,,5.443522351,2.88534904
MEX,2016,5.646294291,0.20732,0.00635,,5.679825101,2.76140785
MEX,2017,5.782580432333333,,,,5.856609975,2.68433452
MEX,2018,5.895623567,,,,6.051929467,2.59963799
MEX,2019,6.220472122333334,,,,6.039983339,2.60652828
MEX,2020,6.3993235403333335,,,,6.036242792,3.20069051
MEX,2021,6.9855555953333335,,,,6.192270205,2.94404602
MEX,2022,,,,,6.452975509,2.96263528
MEX,2023,,,,,6.687649191,2.67641234
MEX,2024,,,,,6.687649191,
MHL,2000,,,,,0.758330553,8.19225311
MHL,2001,,,,,0.758330553,6.39676857
MHL,2002,,,,,0.728481316,7.5911026
MHL,2003,,,,,0.716481246,8.42232609
MHL,2004,,,,,0.737006316,5.78210926
MHL,2005,,,,,0.76889044,5.52737188
MHL,2006,,,,,0.746524078,6.53017855
MHL,2007,,,,,0.69799386,6.43916655
MHL,2008,,,,,0.661116937,6.00590944
MHL,2009,,,,,0.690297344,6.20014572
MHL,2010,,,,,0.68728274,4.82439613
MHL,2011,,,,0.4,0.693650865,5.19275141
MHL,2012,,,,,0.75500982,5.31435204
MHL,2013,,,,,0.924534981,6.12644053
MHL,2014,,,,,1.006872531,5.03771496
MHL,2015,,,,,0.991811965,6.02202177
MHL,2016,,,,,0.825540746,6.47250175
MHL,2017,,0.0,,,0.733814643,4.88437748
MHL,2018,,,,,0.668626036,6.50871277
MHL,2019,,,,,0.662303978,6.66548347
MHL,2020,,,,,0.667057239,5.25280666
MHL,2021,,,,,0.675131707,5.20669413
MHL,2022,,,,,0.69358407,5.84753323
MHL,2023,,,,,0.703593489,10.06006145
MHL,2024,,,,,0.703593489,
MKD,2000,7.10606633,,,,5.250452219,4.71220732
MKD,2001,9.522086140666667,,,,5.250452219,4.55789852
MKD,2002,7.4089966883333345,,,,5.194009669,4.73120594
MKD,2003,6.774788202,,,,5.193219668,4.95398092
MKD,2004,7.80309582,,,,5.160579856,4.71959162
MKD,2005,6.419938954,,,,5.170930368,4.3757925
MKD,2006,7.218081780666668,,,,5.216058255,4.21515989
MKD,2007,6.621932246,,,,5.298664517,4.04007626
MKD,2008,6.601194596666667,,,,5.193571579,4.23244715
MKD,2009,6.705179248666667,,,,5.10825026,4.0919199
MKD,2010,4.763944277,,,,5.014832001,4.06657267
MKD,2011,4.908953247666666,,,,5.056512954,4.05699444
MKD,2012,6.850132404999999,,,,5.082136433,4.13496399
MKD,2013,6.489439182000001,,,,5.097633173,4.41111708
MKD,2014,5.120472508,,,,5.121542658,4.01871777
MKD,2015,4.163424339333333,,,,5.15097002,4.11930132
MKD,2016,4.459469747,,,,5.281921155,4.0607338
MKD,2017,3.7589448583333334,14.42788,0.72139,,5.50957406,3.75674939
MKD,2018,4.258600528,,,,5.764451209,3.75730491
MKD,2019,3.878121272,,,,5.741984341,4.25745583
MKD,2020,3.6515344686666666,,,,5.75862068,4.66986942
MKD,2021,4.673311538666667,,,,5.814639704,4.58688641
MKD,2022,,,,,6.079065766,4.22148132
MKD,2023,,,,,6.229737626,4.27594757
MKD,2024,,,,,6.229737626,
MLI,2000,7.775308882333334,,,,1.995825726,1.29321861
MLI,2001,7.851308107,,,,1.995825726,1.05405474
MLI,2002,7.856856907,,,,1.997098464,1.10984015
MLI,2003,7.763855457333334,,,,1.995669306,1.41243839
MLI,2004,7.747036708333333,,,,1.985786172,1.58851421
MLI,2005,7.758126509666667,,,,1.986085334,1.39720833
MLI,2006,7.810341820666667,,,,1.988013177,1.22405839
MLI,2007,8.033380055666667,,,,1.989462963,0.99671644
MLI,2008,8.188439399666667,,,,1.991857924,0.71373433
MLI,2009,8.334536974,,,,1.995518952,0.66568589
MLI,2010,8.272794290999999,,,,1.982313566,0.66893148
MLI,2011,8.254105766,,,,1.968540344,0.6047653
MLI,2012,8.471591595,,,,1.851739365,0.41352206
MLI,2013,8.525045794,,,,1.847748724,0.81583834
MLI,2014,8.465162695666667,,,,1.850544022,0.89173758
MLI,2015,8.547538488333332,,,,1.911984616,0.91927379
MLI,2016,8.448206629,0.02862,0.00572,,1.867992056,1.20876825
MLI,2017,8.380736907333334,,,,1.820215982,1.17751467
MLI,2018,8.259512005333333,,,,1.338629883,1.15118647
MLI,2019,8.073431595333334,,,,1.437247699,1.1192745
MLI,2020,8.402046849666666,,,,1.433818059,1.40269554
MLI,2021,8.395303065999999,,,,1.967749694,1.35538208
MLI,2022,,,,,1.928606714,1.36568475
MLI,2023,,,,,1.987094109,1.34937346
MLI,2024,,,,,1.987094109,
MLT,2000,6.072957109333333,,,,8.926754816,4.75728178
MLT,2001,6.571375018666667,,,,8.926754816,4.82706928
MLT,2002,4.852027343666667,,,,8.249309916,5.44444466
MLT,2003,4.528601141666667,,,,7.71574559,5.54482079
MLT,2004,4.721008092333333,,,,7.276705406,5.59103823
MLT,2005,4.427563185666667,,,,7.582207728,6.01062059
MLT,2006,5.438408111,,,,8.080720656,6.05880404
MLT,2007,4.524299644,,,,8.432286562,5.46883106
MLT,2008,5.492542902333334,,,,8.625167556,5.0669446
MLT,2009,6.326454063,,,,8.553479672,5.12119102
MLT,2010,6.686700535666667,,,,8.698372422,5.10055399
MLT,2011,6.043481568,,,6.71,8.943787165,5.36059618
MLT,2012,5.105555873666666,,,,9.351801013,5.41480064
MLT,2013,6.2105712193333344,,,,9.632416372,5.6092701
MLT,2014,6.276427957,,,,9.836173531,5.47425842
MLT,2015,6.342546735,,,,10.042017208,5.29361916
MLT,2016,5.240547854,,,,10.153506817,5.48300409
MLT,2017,4.431905842,,,,10.129267031,5.22904444
MLT,2018,4.0768076576666665,,,,9.756699126,5.1497612
MLT,2019,5.238100847333333,,,,8.793523414,5.55893612
MLT,2020,4.561848473333334,,,,8.059097013,6.57189322
MLT,2021,5.469645419,,,,7.613234133,6.41883278
MLT,2022,,,,,7.737736551,6.09191847
MLT,2023,,,,,7.647762642,5.83802271
MLT,2024,,,,,7.647762642,
MMR,2000,4.3792550593333335,,,,0.379570366,0.26421133
MMR,2001,4.295626379333333,,,,0.379570366,0.24364877
MMR,2002,4.291981102,,,,0.528614992,0.36103669
MMR,2003,4.226698003,,,,0.677747382,0.24453028
MMR,2004,4.232094002666666,,,,0.69416916,0.25379223
MMR,2005,4.162334658,,,,0.716974469,0.17095795
MMR,2006,4.102891444666667,,,,0.757223523,0.27068752
MMR,2007,3.9687993749999997,,,,0.820347056,0.20447917
MMR,2008,3.825440032666666,,,,0.899905972,0.17198935
MMR,2009,3.638131742,,,,0.986309143,0.18821332
MMR,2010,3.527895398,,,,1.096517055,0.19366041
MMR,2011,3.4474728233333334,,,,1.227978355,0.23329397
MMR,2012,3.403421858,,,,1.350561519,0.41945723
MMR,2013,3.3281196073333335,,,,1.44577582,0.58719838
MMR,2014,3.310790189,,,,1.51510933,1.00353265
MMR,2015,3.280782006666667,,,,1.615072083,1.1429708
MMR,2016,3.2448380166666673,0.38356,0.04198,,1.76458716,0.66600835
MMR,2017,3.170785813,,,,1.923549513,0.6941902
MMR,2018,3.1704274783333335,,,,2.134067475,0.67250752
MMR,2019,3.1661104709999996,,,,2.134881501,0.60877246
MMR,2020,2.9951171796666665,,,,2.054455786,0.71241319
MMR,2021,2.950612609,,,,1.884971282,0.91952342
MMR,2022,,,,,1.860449838,0.49640557
MMR,2023,,,,,1.895421427,0.49524543
MMR,2024,,,,,1.895421427,
MNE,2000,15.239130646333335,,,,0.0,
MNE,2001,14.505113702333333,,,,0.0,
MNE,2002,14.811669004666667,,,,0.0,
MNE,2003,14.362938405333333,,,,0.0,
MNE,2004,14.445909148333334,,,,3.434590249,
MNE,2005,14.212932354000001,,,,7.002067642,
MNE,2006,14.071257765,,,,10.473084684,
MNE,2007,12.941786798333334,,,,10.580274309,
MNE,2008,12.558161613666668,,,,10.146566997,
MNE,2009,12.429138194333333,,,,9.766112838,
MNE,2010,11.902993321666665,,,,9.781190597,
MNE,2011,12.221848218333333,,,,10.295063604,4.85758018
MNE,2012,11.760815876666667,,,,10.694089414,5.30493546
MNE,2013,11.057175852666667,,,,10.698079488,4.89767981
MNE,2014,10.955118979,,,,10.664302108,4.85656452
MNE,2015,10.777435549333333,,,,10.750792825,5.39562225
MNE,2016,10.428076828666667,8.27791,0.31838,,10.947000328,5.18993425
MNE,2017,10.929510342333336,,,,10.974821206,4.58153057
MNE,2018,11.156150958333333,,,,11.158639616,4.96868992
MNE,2019,11.614911902666668,,,,10.407592642,5.06746101
MNE,2020,12.378600616333335,,,,10.206435762,7.13466835
MNE,2021,9.126194762666666,,,,9.809756483,7.29079866
MNE,2022,,,,,10.203620279,7.24657822
MNE,2023,,,,,10.173326907,6.69406366
MNE,2024,,,,,10.173326907,
MNG,2000,19.033602367333334,,,,3.091542126,4.61119699
MNG,2001,18.788240246666664,,,,3.091542126,3.88835406
MNG,2002,18.307582050666667,,,,2.918579862,3.87113953
MNG,2003,19.303060679666668,,,,2.753287838,2.98218632
MNG,2004,19.52430662,,,,5.495293117,2.80098653
MNG,2005,19.824051026,,,,7.911276007,2.38196063
MNG,2006,19.449284754,,,,13.402525856,2.49134016
MNG,2007,19.200803561,,,,15.362749308,2.88185477
MNG,2008,19.385362051666664,,,,16.102009727,3.21819425
MNG,2009,19.691162632999998,,,,14.305516734,3.10174918
MNG,2010,20.490281795666665,,,,11.705782415,2.44484329
MNG,2011,22.465586892666664,,,2.0,11.41570965,2.13192797
MNG,2012,21.602686066999997,,,,14.771047051,2.34510446
MNG,2013,20.193437854666666,,,,17.44404689,2.28476501
MNG,2014,19.268661891333334,,,,18.579096412,2.40595388
MNG,2015,19.750501784,,,,15.66653069,2.4089644
MNG,2016,19.761096775000002,4.03107,0.47029,,13.30112963,2.56394386
MNG,2017,19.354176680333335,,,,12.465271597,2.2598424
MNG,2018,18.596006499999998,,,,11.041096092,2.09529591
MNG,2019,18.838590246,,,,11.054510018,2.11976218
MNG,2020,20.090006910333333,,,,9.471281487,2.56925178
MNG,2021,19.911762542,,,,8.411462036,4.2121501
MNG,2022,,,,,7.177455096,3.11989594
MNG,2023,,,,,7.14393122,2.72985005
MNG,2024,,,,,7.14393122,
MOZ,2000,13.017968968,,,,0.768582541,1.08604574
MOZ,2001,12.644758610000002,,,,0.768582541,1.311831
MOZ,2002,12.874039258333333,,,,0.7337309,1.17593813
MOZ,2003,12.840803829333332,,,,0.727365483,1.1753726
MOZ,2004,12.960064856666667,,,,0.885199615,1.12229657
MOZ,2005,13.270656683666667,,,,1.024798424,1.4261055
MOZ,2006,14.227068858666668,,,,1.162626799,1.14244211
MOZ,2007,15.747621318,,,,1.203728252,1.17217517
MOZ,2008,16.559988592333333,,,,1.234550294,1.20704949
MOZ,2009,17.459163778333334,,,,1.283423676,1.2755909
MOZ,2010,18.32175614433333,,,,1.34781585,1.24370587
MOZ,2011,18.688076491666667,,,0.16,1.461574831,1.25546241
MOZ,2012,18.781388997666667,,,,1.539852914,1.23552883
MOZ,2013,19.871966722666667,,,,1.613985574,1.49877322
MOZ,2014,21.392706460333333,,,,1.726899168,1.71540534
MOZ,2015,21.702166616,,,,1.868733089,1.78662503
MOZ,2016,23.346794731333333,0.04641,0.03927,,1.94854233,1.7231313
MOZ,2017,24.281158427666668,,,,1.958642806,1.73677838
MOZ,2018,24.038484474666664,,,,1.987802705,1.7863487
MOZ,2019,22.446890724000003,,,,1.979434268,1.8260498
MOZ,2020,21.57604151,,,,2.003397655,2.3917768
MOZ,2021,20.27520274833333,,,,1.974012426,2.28472924
MOZ,2022,,,,,1.997806142,2.28882098
MOZ,2023,,,,,1.985027831,2.249192
MOZ,2024,,,,,1.985027831,
MRT,2000,5.092354601666667,,,,0.0,0.46969447
MRT,2001,5.087122779666667,,,,0.0,0.54510015
MRT,2002,5.022222635666666,,,,0.0,0.87326568
MRT,2003,4.910778949333333,,,,0.002498378,0.7719968
MRT,2004,4.972844443,,,,0.002498378,0.70654863
MRT,2005,4.792073892,,,,0.002498378,0.81955862
MRT,2006,4.831439896333333,,,,0.0,0.67619681
MRT,2007,4.732260717333333,,,,0.002249237,0.76387841
MRT,2008,4.648368601333334,,,,0.002249237,0.8877672
MRT,2009,4.719519472999999,,,,0.002249237,0.87885523
MRT,2010,4.718869757333334,,,,0.0,0.73150158
MRT,2011,4.645731527,,,,0.001975709,0.74974972
MRT,2012,4.849340289666666,,,,0.001975709,0.89773965
MRT,2013,4.843094601333333,0.07173,0.02391,,0.001975709,1.08287692
MRT,2014,4.865197691,,,,0.0,1.25234473
MRT,2015,4.821974592,,,,0.0,1.41883922
MRT,2016,4.912697533333334,,,,0.001702485,1.19934916
MRT,2017,4.958471687333334,,,,0.003352535,1.23123157
MRT,2018,4.972414966666666,,,,0.003352535,0.91096455
MRT,2019,4.9986432113333334,,,,0.001650051,1.10124004
MRT,2020,5.034153231666667,,,,0.0,1.00379241
MRT,2021,4.95081874,,,,0.0,1.49700129
MRT,2022,,,,,0.0,1.70580709
MRT,2023,,,,,0.0,1.48361778
MRT,2024,,,,,0.0,
MTQ,2000,,,,,10.595520917,
MTQ,2001,,,,,10.595520917,
MTQ,2002,,,,,10.561206329,
MTQ,2003,,,,,10.495116247,
MTQ,2004,,,,,10.470797887,
MTQ,2005,,,,,10.46861563,
MTQ,2006,,,,,10.366631815,
MTQ,2007,,,,,10.174900986,
MTQ,2008,,,,,9.942345255,
MTQ,2009,,,,,9.763858151,
MTQ,2010,,,,,9.711918971,
MTQ,2011,,,,,9.734729612,
MTQ,2012,,,,,9.752874386,
MTQ,2013,,,,,9.675581142,
MTQ,2014,,,,,9.662250865,
MTQ,2015,,,,,9.702443704,
MTQ,2016,,,,,9.923629296,
MTQ,2017,,,,,10.181825334,
MTQ,2018,,,,,10.398507834,
MTQ,2019,,,,,10.202599073,
MTQ,2020,,,,,10.076671371,
MTQ,2021,,,,,10.006317932,
MTQ,2022,,,,,10.606635301,
MTQ,2023,,,,,10.931614483,
MTQ,2024,,,,,10.931614483,
MUS,2000,11.740200216333333,,,,2.689105148,1.52947044
MUS,2001,9.905226294,,,,2.689105148,1.57129419
MUS,2002,11.221425891666668,,,,2.594862012,1.68696284
MUS,2003,7.790658243,,,,2.513845274,1.6688329
MUS,2004,8.094549957333333,,,,4.569383415,1.80295277
MUS,2005,8.765037474333333,,,,6.55037105,1.69515753
MUS,2006,9.425728971,,,,8.523239675,1.61826241
MUS,2007,10.184187737333334,,,,8.392989275,1.47311974
MUS,2008,6.690852087666666,,,,8.361076417,1.38968194
MUS,2009,8.792239268333333,,,,8.393185714,1.57988811
MUS,2010,7.4650303,,,,8.505780439,1.99484634
MUS,2011,8.999090537666666,,,,8.496844123,1.74817169
MUS,2012,9.409362523,,,,8.468195503,1.87548065
MUS,2013,7.899446801333333,,,,8.406076267,1.93168211
MUS,2014,9.845245658333333,,,,8.496859757,2.42503381
MUS,2015,7.735085591,,,,8.696947797,2.31317115
MUS,2016,7.677094449666666,,,,8.888762783,2.44510746
MUS,2017,9.098783507666667,2.38198,0.0794,,9.009128343,2.47479272
MUS,2018,8.204241700666666,,,,8.927334879,2.48200822
MUS,2019,8.763595017666667,,,,8.69121921,2.50442028
MUS,2020,10.541518821333332,,,,8.441721709,2.93306947
MUS,2021,9.445255058333332,,,,8.295009887,3.35773063
MUS,2022,,,,,8.35857778,2.52426147
MUS,2023,,,,,8.457050683,2.46710205
MUS,2024,,,,,8.457050683,
MWI,2000,14.366756988666666,,,,0.90594916,1.01542294
MWI,2001,13.850123175666667,,,,0.90594916,0.83659285
MWI,2002,13.681733110000001,,,,0.886622333,0.97493625
MWI,2003,14.084466717333333,,,,0.880490601,1.17513871
MWI,2004,13.771044414,,,,0.875014186,0.85772187
MWI,2005,13.494010327,,,,0.950389409,1.05274868
MWI,2006,14.236052696666668,,,,1.028851004,0.9437108
MWI,2007,13.874593489,,,,1.088185299,0.73458099
MWI,2008,12.878029036666666,,,,1.053737413,1.3674773
MWI,2009,12.830283623999998,,,,1.057991294,1.0557555
MWI,2010,12.559520728333332,,,,1.098443914,1.13196635
MWI,2011,12.601929519666667,,,1.0,1.15503959,1.15239477
MWI,2012,12.643180689666666,,,,1.158681064,0.95642853
MWI,2013,12.538780006666665,,,,1.151958839,1.48205006
MWI,2014,12.596676584333332,,,,1.112633616,1.56810546
MWI,2015,12.943194544999999,,,,1.039071191,1.89914215
MWI,2016,13.266442275666668,,,,0.977758453,1.91101837
MWI,2017,13.776924721,,,,0.957841372,1.71919668
MWI,2018,13.989183446,,,,0.878120866,1.68875861
MWI,2019,14.518575734,,,,0.879789514,1.53329957
MWI,2020,14.611483065333333,,,,0.875647934,1.56224585
MWI,2021,14.967302821333334,,,,0.988703814,1.36146903
MWI,2022,,,,,1.001802431,0.87697619
MWI,2023,,,,,0.999923991,0.83762544
MWI,2024,,,,,0.999923991,
MYS,2000,5.660055311333333,,,,0.704694596,1.17325473
MYS,2001,5.399312330666667,,,,0.704694596,1.35141993
MYS,2002,5.279158900333333,,,,0.681605253,1.36677563
MYS,2003,5.425570084333334,,,,0.674773778,1.51884329
MYS,2004,5.355718087,,,,0.659950809,1.45687652
MYS,2005,5.174425353666667,,,,0.630961584,1.36280441
MYS,2006,4.98204991,,,,0.604642077,1.67488027
MYS,2007,4.866105775666667,,,,0.607372027,1.62477779
MYS,2008,4.976284933666666,,,,0.625139712,1.59730816
MYS,2009,5.022890889666667,,,,0.648394163,1.81166101
MYS,2010,4.943870109333333,,,,0.667901307,1.67910564
MYS,2011,4.850266152,,,0.39,0.694958317,1.76482272
MYS,2012,4.605866622333333,,,,0.712147736,1.86487269
MYS,2013,4.501546749,,,,0.7123755,1.89357972
MYS,2014,4.628642181,,,,0.73454219,2.03088164
MYS,2015,5.0628639689999995,,,,0.778890294,2.03347373
MYS,2016,5.115280440666667,1.04807,0.15298,,0.83807431,1.88870478
MYS,2017,5.231100263,,,,0.851821596,1.92218649
MYS,2018,5.345262615333334,,,,0.85582401,1.92697287
MYS,2019,5.388757154666667,,,,0.820378139,2.00959897
MYS,2020,4.274936087333333,,,,0.790460043,2.17598939
MYS,2021,5.543367319666667,,,,0.785002138,2.45898366
MYS,2022,,,,,0.783538402,1.97318363
MYS,2023,,,,,0.809296884,1.97993755
MYS,2024,,,,,0.809296884,
NAM,2000,14.626935830999999,,,,4.324860988,5.6193819
NAM,2001,14.610231946666667,,,,4.324860988,5.73190451
NAM,2002,15.265597522666667,,,,4.066484937,5.92470026
NAM,2003,15.420673063999999,,,,3.520223357,6.06180239
NAM,2004,15.121330483666668,,,,4.229382778,5.69722843
NAM,2005,14.832382456,,,,5.14614335,5.24643993
NAM,2006,14.103387878666666,,,,6.178729236,5.04455662
NAM,2007,13.406348933333334,,,,6.416930501,5.38635349
NAM,2008,12.895360273000001,,,,6.819808252,4.89047384
NAM,2009,11.936302269999999,,,,7.36205566,4.31238842
NAM,2010,11.630291155666667,,,,7.796233355,4.88263464
NAM,2011,12.304314591666667,,,,8.164970072,5.12084961
NAM,2012,11.981936673666667,,,,8.387992041,4.80753613
NAM,2013,12.027290648,,,,8.626439841,5.20561123
NAM,2014,12.774176406333334,,,,8.864069985,5.00115061
NAM,2015,12.536828553,,,,9.178186184,5.39398766
NAM,2016,11.076611097333334,0.37105,0.08246,,9.45666595,5.76428509
NAM,2017,11.826309918333331,,,,9.64024808,5.34107399
NAM,2018,11.330070733666668,,,,9.8114266,5.16180658
NAM,2019,11.328247001666668,,,,9.535174792,5.26885462
NAM,2020,11.523934227333333,,,,9.311304711,6.51412964
NAM,2021,11.365345807000002,,,,8.86425313,6.51885366
NAM,2022,,,,,8.614360914,5.80618477
NAM,2023,,,,,8.488551758,5.54813719
NAM,2024,,,,,8.488551758,
NCL,2000,,,,,10.821233581,
NCL,2001,,,,,10.821233581,
NCL,2002,,,,,10.875868095,
NCL,2003,,,,,11.067073894,
NCL,2004,,,,,11.05831153,
NCL,2005,,,,,11.018764405,
NCL,2006,,,,,10.877609908,
NCL,2007,,,,,10.774365776,
NCL,2008,,,,,10.627064081,
NCL,2009,,,,,10.469764509,
NCL,2010,,,,,10.319040067,
NCL,2011,,,,,10.173518387,
NCL,2012,,,,,9.991997875,
NCL,2013,,,,,9.828509098,
NCL,2014,,,,,9.93570899,
NCL,2015,,,,,9.929391679,
NCL,2016,,,,,9.776773839,
NCL,2017,,,,,9.323348209,
NCL,2018,,,,,8.95979257,
NCL,2019,,,,,8.649179595,
NCL,2020,,,,,8.478731917,
NCL,2021,,,,,8.419114397,
NCL,2022,,,,,8.452383239,
NCL,2023,,,,,8.188587084,
NCL,2024,,,,,8.188587084,
NER,2000,7.834075509666666,,,,0.095096004,1.12999868
NER,2001,8.056907727,,,,0.095096004,1.14577425
NER,2002,7.9591973576666675,,,,0.105805671,1.20736778
NER,2003,8.147561649,,,,0.10861057,1.07094669
NER,2004,7.977432249333333,,,,0.116631577,1.18101633
NER,2005,8.277454299666667,,,,0.116170027,1.92018211
NER,2006,8.207463645333334,,,,0.116209078,2.05841017
NER,2007,8.409581691,,,,0.117435698,1.50168717
NER,2008,8.132677802333333,,,,0.114717494,1.55048525
NER,2009,8.363804116333334,,,,0.114090024,1.5377779
NER,2010,8.514127246333333,,,,0.113300789,1.31193817
NER,2011,8.768527482666666,,,,0.112234176,1.27229619
NER,2012,8.995178899,,,,0.108476894,1.03993595
NER,2013,9.109543093000001,,,,0.114516559,1.34044802
NER,2014,9.165467793333333,,,,0.121256955,1.27712584
NER,2015,9.116360801666666,,,,0.131916805,1.11163116
NER,2016,9.056484608,0.01397,0.03259,,0.126333546,1.10086405
NER,2017,9.028382735,,,,0.110900608,1.88514483
NER,2018,9.003388844666667,,,,0.084883194,1.76657593
NER,2019,9.033877399,,,,0.086579661,2.02236509
NER,2020,8.966005803666667,,,,0.104679817,2.31365919
NER,2021,8.936510429666667,,,,0.128584256,2.12211633
NER,2022,,,,,0.132265478,1.5349741
NER,2023,,,,,0.129491822,0.97196257
NER,2024,,,,,0.129491822,
NGA,2000,9.820898134666667,,,,0.646982713,0.58559412
NGA,2001,9.989796834333333,,,,0.646982713,0.8576929
NGA,2002,9.789885941,,,,0.671953951,0.53133184
NGA,2003,9.738236456000001,,,,0.694158341,0.92982918
NGA,2004,9.837447654666667,,,,0.894070391,1.202034
NGA,2005,9.611242201333333,,,,1.093616299,1.14133215
NGA,2006,9.694211080333334,,,,1.311478623,0.90186709
NGA,2007,9.664787123000002,,,,1.348316788,0.7786122
NGA,2008,9.515034025333334,,,,1.346939313,0.66059941
NGA,2009,9.601833831666667,,,,1.355536383,0.57001245
NGA,2010,9.352534894,,,,1.380484044,0.44847032
NGA,2011,9.071627303666668,,,,1.426565226,0.47937736
NGA,2012,8.857748949,,,,1.468903171,0.54436672
NGA,2013,8.619626011,,,,1.524236839,0.48927844
NGA,2014,8.465489113666665,,,,1.595077141,0.44593188
NGA,2015,8.207572462666667,,,,1.634048976,0.58907843
NGA,2016,8.114486488666666,,,,1.663050869,0.47496933
NGA,2017,7.970909879666666,,,,1.703257576,0.53266305
NGA,2018,8.018280708,,,,1.772584705,0.49754828
NGA,2019,8.002734282333334,,,,1.771386717,0.46980387
NGA,2020,8.421494527,,,,1.801584046,0.50597858
NGA,2021,8.933311005,,,,1.846915805,0.54102808
NGA,2022,,,,,1.983756052,0.56285441
NGA,2023,,,,,2.035732878,0.54596561
NGA,2024,,,,,2.035732878,
NIC,2000,8.298255875666667,,,,4.188742447,2.56718063
NIC,2001,7.726880750666666,,,,4.188742447,2.45915222
NIC,2002,7.265113465333333,,,,4.248455901,2.46180677
NIC,2003,8.058775194333334,,,,4.352423127,2.55710077
NIC,2004,7.510558885333334,,,,4.419483568,2.27378821
NIC,2005,7.048878483999999,,,,4.391346686,2.5080986
NIC,2006,6.123163060333333,,,,4.397245258,2.86238265
NIC,2007,6.364864150333333,,,,4.377692829,3.15306878
NIC,2008,6.4179733279999995,,,,4.259640045,3.19054222
NIC,2009,6.262662641333333,,,,4.10307497,3.81332731
NIC,2010,6.015313318,,,,4.01632172,3.55465937
NIC,2011,6.625570565,,,1.0,4.116842802,3.53044653
NIC,2012,5.446157468333333,,,,4.192222859,3.74920559
NIC,2013,6.296362810666667,,,,4.257883665,3.86888838
NIC,2014,5.540375266999999,,,,4.296621139,4.15811014
NIC,2015,4.9479869936666665,,,,4.379239804,4.46586037
NIC,2016,5.030954885666667,,,,4.492266168,4.65122414
NIC,2017,5.247789851666667,0.69056,0.01644,,4.51322657,4.85718918
NIC,2018,5.632551690333334,,,,4.441907908,5.17776585
NIC,2019,4.797055088666666,,,,4.224644071,5.2335391
NIC,2020,3.7234405196666667,,,,4.105076432,5.29172993
NIC,2021,4.246639256666667,,,,4.096239269,6.05456924
NIC,2022,,,,,4.199435701,5.17145538
NIC,2023,,,,,4.255741826,4.76571131
NIC,2024,,,,,4.255741826,
NIU,2000,,,,,4.357289275,7.80319262
NIU,2001,,,,,4.357289275,37.99892426
NIU,2002,,,,,5.121259763,10.95721722
NIU,2003,,,,,3.441557053,8.41703606
NIU,2004,,,,,3.43958917,11.80575085
NIU,2005,,,,,2.468501552,8.11686611
NIU,2006,,,,,2.647390745,42.50036621
NIU,2007,,,,,2.683232905,12.6842308
NIU,2008,,,,,2.709003115,15.30867672
NIU,2009,,,,,2.44446395,17.67843819
NIU,2010,,,,,2.027413775,10.51618958
NIU,2011,,,,,2.780357982,16.08845711
NIU,2012,,,,,2.86084178,7.56757927
NIU,2013,,,,,2.912440844,6.98258352
NIU,2014,,,,,1.794755719,6.93417549
NIU,2015,,,,,1.712165577,5.72227478
NIU,2016,,,,,1.628801773,5.41005325
NIU,2017,,,,,1.61220764,5.43243742
NIU,2018,,,,,1.663913333,5.32802629
NIU,2019,,,,,2.013060519,5.27538633
NIU,2020,,,,,2.25451448,6.26309204
NIU,2021,,,,,2.459757734,7.7513938
NIU,2022,,,,,2.24159028,7.12521172
NIU,2023,,,,,2.086451818,7.3004837
NIU,2024,,,,,2.086451818,
NLD,2000,8.134667182333333,,,,11.033668658,5.30837631
NLD,2001,8.065965631,,,,11.033668658,5.58929539
NLD,2002,8.456049570333333,,,,10.821576842,6.01927614
NLD,2003,8.055034732666668,,,,10.731688081,6.31752491
NLD,2004,8.141249477,,,,10.647722536,6.21099997
NLD,2005,8.316326845666667,,,,10.645254365,6.18760395
NLD,2006,8.157808077333334,,,,10.569161779,5.96329165
NLD,2007,7.120474441666666,,,,10.540865369,5.92894697
NLD,2008,7.476940140333333,,,,10.389843772,6.22847557
NLD,2009,7.769656907999999,,,,10.268932622,6.74306917
NLD,2010,8.127805458333333,,,,10.106038986,6.90660667
NLD,2011,8.460108202999999,,,10.65,10.076913646,6.93690538
NLD,2012,8.922862053000001,,,,9.906988336,7.15750694
NLD,2013,9.482876273333334,,,,9.692194272,7.24735451
NLD,2014,9.326113717666667,,,,9.424225522,7.09314537
NLD,2015,9.329127397999999,20.86962,,,9.306339221,6.72993183
NLD,2016,9.278628903666666,,,,9.24366494,6.5336895
NLD,2017,9.497800386333333,,,,9.233827185,6.39186192
NLD,2018,9.061531450666667,,,,9.194346985,6.47488213
NLD,2019,8.883954090666668,,,,9.039918405,6.55726242
NLD,2020,8.852218161666668,,,,8.977649053,7.54755592
NLD,2021,9.153906575666666,,,,8.96839344,7.69962406
NLD,2022,,,,,8.90963781,6.7939868
NLD,2023,,,,,8.560838534,6.72162485
NLD,2024,,,,,8.560838534,
NOR,2000,11.897127152333333,,,,6.890263206,6.29176235
NOR,2001,11.653496057,,,,6.890263206,6.6320591
NOR,2002,10.351685270666666,,,,7.005056492,7.44528151
NOR,2003,10.642806146,,,,7.227326107,7.64598131
NOR,2004,11.009991343000001,,,,7.345198953,7.3021822
NOR,2005,11.083160944666666,,,,7.426546869,6.89241123
NOR,2006,10.772199069333334,,,,7.500857096,6.56923485
NOR,2007,9.548727915666667,,,,7.578001098,6.71009827
NOR,2008,9.868388621,,,,7.644454045,6.6593442
NOR,2009,10.924081000000001,,,,7.634368234,7.62671995
NOR,2010,10.310224225666667,,,,7.528175309,7.50110054
NOR,2011,11.578779595666665,,,,7.344951061,7.37413645
NOR,2012,9.451948331333334,,,,7.198973064,7.39225388
NOR,2013,9.896615204,,,,7.053776621,7.5452013
NOR,2014,9.599990243333332,,,,6.975651898,7.91735411
NOR,2015,10.033737977666666,,,,6.921945767,8.61125374
NOR,2016,10.666972121,48.03998,0.48078,,6.903062909,8.99088097
NOR,2017,10.402082919666666,,,,6.897404942,8.70770454
NOR,2018,11.618069127666667,,,,6.879448508,8.53639317
NOR,2019,11.085914832333335,,,,7.019150537,8.94719028
NOR,2020,10.815532572,,,,7.474225515,9.82099152
NOR,2021,11.363923880666666,,,,7.553363236,8.43056965
NOR,2022,,,,,7.45120756,6.77605867
NOR,2023,,,,,6.954359179,8.11916542
NOR,2024,,,,,6.954359179,
NPL,2000,12.605129859333331,,,,0.088835084,0.4859271
NPL,2001,12.235664446666666,,,,0.088835084,0.58420616
NPL,2002,11.963634010333331,,,,0.111613278,0.79272741
NPL,2003,11.846862474666667,,,,0.134226992,0.66023707
NPL,2004,11.738661968333332,,,,0.13408556,0.64692318
NPL,2005,11.769643098666668,,,,0.137986238,0.75322849
NPL,2006,11.851639753333332,,,,0.139016743,0.84708959
NPL,2007,11.596354716666667,,,,0.145355558,0.67827111
NPL,2008,11.305127405999999,,,,0.151122511,0.71121174
NPL,2009,11.649827072333332,,,,0.325234962,0.7965219
NPL,2010,12.002993794666667,,,,0.486535741,0.79064077
NPL,2011,12.311956370666666,,,0.7,0.638012456,0.79661524
NPL,2012,12.216799868,,,,0.64776418,0.78674734
NPL,2013,12.504791678333333,,,,0.594212856,0.75677603
NPL,2014,12.438377613666667,,,,0.622132593,0.87364674
NPL,2015,12.372287859333333,,,,0.650768865,0.90927744
NPL,2016,12.057914179333332,0.35594,0.06281,,0.73307765,1.00771654
NPL,2017,12.168408496333333,,,,0.747550342,1.06542635
NPL,2018,12.115123053666666,,,,0.8215718,1.06721246
NPL,2019,11.972619287666667,,,,1.127380948,1.10283434
NPL,2020,11.159922258,,,,1.505508703,1.5651871
NPL,2021,11.384367278,,,,1.801530631,1.76734555
NPL,2022,,,,,1.920464426,2.08633423
NPL,2023,,,,,1.96883009,1.92793751
NPL,2024,,,,,1.96883009,
NRU,2000,,,,,0.0,16.6683979
NRU,2001,,,,,0.0,12.96107578
NRU,2002,,,,,0.0,9.82158947
NRU,2003,,,,,0.0,7.4719758
NRU,2004,,,,,0.0,4.88974905
NRU,2005,,,,,0.0,9.72499847
NRU,2006,,,,,0.0,10.87369251
NRU,2007,,,,,0.0,16.81926155
NRU,2008,,,,,0.0,12.60140991
NRU,2009,,,,,0.0,6.32094669
NRU,2010,,,,,0.0,7.59175539
NRU,2011,,,,0.69,0.0,5.67363787
NRU,2012,,,,,0.0,4.0232172
NRU,2013,,,,,0.0,5.35097265
NRU,2014,,,,,0.0,6.16783905
NRU,2015,,,,,0.0,8.4357338
NRU,2016,,,,,0.0,9.87076759
NRU,2017,,,,,0.0,8.42948341
NRU,2018,,,,,0.0,9.77889729
NRU,2019,,,,,0.0,10.3461647
NRU,2020,,,,,0.0,9.88010979
NRU,2021,,,,,0.0,9.41186619
NRU,2022,,,,,0.0,15.94075489
NRU,2023,,,,,0.0,15.23276997
NRU,2024,,,,,0.0,
NZL,2000,12.574119299333333,,,,9.716216647,5.56442356
NZL,2001,13.597373105666668,,,,9.716216647,5.54619789
NZL,2002,12.233835189333334,,,,9.68496506,5.92010593
NZL,2003,13.115483221333335,,,,9.786515221,5.82985544
NZL,2004,12.433184514333334,,,,9.839858552,6.08670425
NZL,2005,12.698576170666668,,,,9.963893255,6.36606169
NZL,2006,12.832878669333335,,,,9.965137677,6.67049885
NZL,2007,11.758869647666666,,,,10.014457831,6.60462475
NZL,2008,12.000599300666666,,,,9.989827421,6.73836803
NZL,2009,11.052383955666665,,,,10.140710587,7.1025281
NZL,2010,12.105976045666665,,,,10.136436422,7.0972805
NZL,2011,11.202479922999999,,,10.0,10.129108153,7.16868782
NZL,2012,12.480492066666665,,,,9.974239728,7.22888708
NZL,2013,11.627499013666666,,,,9.806250602,6.95405483
NZL,2014,11.143243946666667,,,,9.576223454,6.9177103
NZL,2015,11.464173084666669,,,,9.430327944,6.57789135
NZL,2016,11.899014427,28.54027,0.60678,,9.333870811,6.4102993
NZL,2017,12.220249997666668,,,,9.371018725,6.40669823
NZL,2018,11.035562698666666,,,,9.332469114,6.23302364
NZL,2019,11.098910696999999,,,,9.360991652,6.2196641
NZL,2020,10.629847392666667,,,,9.401666281,6.86849403
NZL,2021,11.126036426666666,,,,9.381043769,7.10585737
NZL,2022,,,,,9.178748734,8.65659904
NZL,2023,,,,,8.854780394,7.86917591
NZL,2024,,,,,8.854780394,
OMN,2000,2.310545542333333,,,,0.832617422,2.19491506
OMN,2001,2.2793741720000003,,,,0.832617422,2.21537399
OMN,2002,2.0878230506666666,,,,0.911708731,2.31827164
OMN,2003,2.0877871863333333,,,,1.009362717,2.29992843
OMN,2004,1.9546894306666667,,,,1.089153718,2.12697983
OMN,2005,1.912267111,,,,1.099192435,1.86491668
OMN,2006,1.8144605373333331,,,,1.066835036,1.62979662
OMN,2007,1.5770674966666667,,,,1.019056781,1.71506763
OMN,2008,1.471673515,,,,0.995178753,1.38406205
OMN,2009,1.0041972080000001,,,,0.991784757,2.00759625
OMN,2010,1.555871453,,,,0.976668996,2.04789329
OMN,2011,1.5745086313333332,,,,0.931415668,1.82965529
OMN,2012,1.5528804760000001,,,,0.858462651,1.88399208
OMN,2013,1.476891943,,,,0.801318677,2.19339776
OMN,2014,1.5681910413333335,,,,0.811354096,2.82171035
OMN,2015,1.3869536186666667,1.73817,,,0.844212216,3.6793406
OMN,2016,1.508164463,,,,0.890483471,3.75263762
OMN,2017,1.5591941093333332,,,,0.915855732,3.5271337
OMN,2018,1.6268066146666669,,,,0.943287431,2.77846813
OMN,2019,1.6186002259999999,,,,0.853389453,3.33252549
OMN,2020,1.0837733933333333,,,,0.802549564,4.56241417
OMN,2021,0.8492656603333333,,,,0.810873476,3.84838724
OMN,2022,,,,,1.006739675,2.62405968
OMN,2023,,,,,1.181339642,2.97877407
OMN,2024,,,,,1.181339642,
PAK,2000,8.726621025333333,,,,0.023918747,0.86511308
PAK,2001,8.664232214,,,,0.023918747,0.8166225
PAK,2002,8.736752985666667,,,,0.023741497,0.90022832
PAK,2003,8.570015830666666,,,,0.025076473,0.5118525
PAK,2004,8.635246356333333,,,,0.037336785,0.54709041
PAK,2005,8.568983716333333,,,,0.04980115,0.51540869
PAK,2006,8.455570436333334,,,,0.06261544,0.4643316
PAK,2007,8.218764198333332,,,,0.064769225,0.45476291
PAK,2008,8.118543743666667,,,,0.066180337,0.40099064
PAK,2009,7.938043300333334,,,,0.067385156,0.51264632
PAK,2010,7.538203619333333,,,,0.06854527,0.52930099
PAK,2011,7.398174465,,,,0.066746313,0.45581207
PAK,2012,7.4767993200000005,,,,0.065439584,0.61600071
PAK,2013,6.946109300333333,,,,0.066860923,0.63381839
PAK,2014,7.320486963333333,,,,0.072681506,0.60478491
PAK,2015,7.377597332333333,,,,0.080430775,0.686643
PAK,2016,7.342760116,,0.42243,,0.086524316,0.70141035
PAK,2017,7.310247243666667,,,,0.091755428,0.91277653
PAK,2018,7.1321687313333335,,,,0.094549073,0.93618691
PAK,2019,6.988762548333334,,,,0.089615267,0.94332874
PAK,2020,6.356518516,,,,0.086342286,1.03975642
PAK,2021,6.4864093653333335,,,,0.083543342,1.1115458
PAK,2022,,,,,0.08623626,1.10770965
PAK,2023,,,,,0.086713178,0.90008724
PAK,2024,,,,,0.086713178,
PAN,2000,5.353139568,,,,5.685326182,4.50806475
PAN,2001,5.637275453666667,,,,5.685326182,4.38846159
PAN,2002,5.622798314000001,,,,5.618355274,4.42303896
PAN,2003,6.28236862,,,,5.641178055,4.16139507
PAN,2004,5.966214311666666,,,,5.62432699,4.48108578
PAN,2005,5.282282082666666,,,,5.667405074,3.68315434
PAN,2006,5.928044686,,,,5.813659086,4.06343699
PAN,2007,5.250209483,,,,6.160368997,4.85426235
PAN,2008,5.521441925333332,,,,6.50767788,4.55932522
PAN,2009,5.147133171666667,,,,6.736317379,4.64928007
PAN,2010,4.190783367666667,,,,6.807457756,4.65330553
PAN,2011,4.136333618666667,,,,6.862055298,4.23569298
PAN,2012,3.7560193873333336,,,,6.906582724,3.90454745
PAN,2013,3.574106968,,,,6.974086805,4.07795286
PAN,2014,4.1354249056666665,,,,7.034087996,4.23567915
PAN,2015,2.8928117920000003,,,,7.03030432,4.21543312
PAN,2016,3.238084501,4.03099,0.27713,,7.140563833,4.33149529
PAN,2017,3.135681702333333,,,,7.215291382,4.41374683
PAN,2018,2.9186288280000006,,,,7.345350168,4.40903568
PAN,2019,2.601955936,,,,6.730015342,4.61607218
PAN,2020,2.4724893246666664,,,,6.550520763,5.54313087
PAN,2021,3.2991554310000004,,,,6.470949354,5.07548141
PAN,2022,,,,,7.008559805,4.75854683
PAN,2023,,,,,7.196503866,4.26657534
PAN,2024,,,,,7.196503866,
PER,2000,1.1065204416666667,,,,3.065962445,2.34087849
PER,2001,1.2811479013333333,,,,3.065962445,2.47586274
PER,2002,1.4786884246666665,,,,3.061669658,2.52270985
PER,2003,1.3867234776666668,,,,3.213982979,2.33577538
PER,2004,1.1646513053333334,,,,3.418396183,2.30358434
PER,2005,0.7965771486666667,,,,3.651197899,2.56580496
PER,2006,1.0485253246666666,,,,3.943700754,2.21617079
PER,2007,1.5977825096666667,,,,4.224707127,2.15428376
PER,2008,1.5370174473333333,,,,4.496482545,2.17900085
PER,2009,0.6130380756666667,,,,4.696851824,2.49783754
PER,2010,1.1309663033333333,,,,4.829312361,2.44220233
PER,2011,2.1622571589999997,,,0.27,4.958473222,2.30443978
PER,2012,2.6003977316666664,,,,5.007399726,2.48199081
PER,2013,1.3091282160000002,,,,5.061127418,2.64289999
PER,2014,1.5513831790000001,,,,5.052244365,2.93914938
PER,2015,0.9700286313333333,,,,5.080264494,3.00291657
PER,2016,1.4299061916666667,2.94805,0.05737,,5.092063108,3.04029965
PER,2017,1.408437491,,,,5.10099913,3.01707554
PER,2018,1.798262589,,,,5.07314422,3.15358686
PER,2019,2.1818300866666664,,,,4.817214371,3.24168658
PER,2020,1.5104868870000001,,,,4.660585723,4.34886456
PER,2021,1.535777606,,,,4.598651873,4.46130276
PER,2022,,,,,4.754850627,3.91114283
PER,2023,,,,,4.781774422,3.58431911
PER,2024,,,,,4.781774422,
PHL,2000,2.488212680333333,,,,5.844944549,1.3564229
PHL,2001,2.1156137613333335,,,,5.844944549,1.15623665
PHL,2002,2.3930359,,,,5.79054456,0.97705829
PHL,2003,2.678135383333333,,,,5.777389171,1.11422062
PHL,2004,2.6119542886666665,,,,5.745168199,1.08843267
PHL,2005,2.838108191,,,,5.652778113,1.23873734
PHL,2006,2.921808625666667,,,,5.604140428,1.21229136
PHL,2007,2.6637245403333334,,,,5.637232994,1.1753726
PHL,2008,2.8704541740000002,,,,5.765633704,1.16428423
PHL,2009,3.3279321046666666,,,,5.994857893,1.27640796
PHL,2010,3.407231395,,,,6.184239382,1.31791425
PHL,2011,3.932397453,,,,6.37704404,1.06190181
PHL,2012,3.488119179,,,,6.193374285,1.09802592
PHL,2013,3.3737733503333334,,,,6.077086262,1.1204468
PHL,2014,3.238024945333333,,,,5.845181595,1.26327145
PHL,2015,3.80710215,,,,5.853446981,1.46860588
PHL,2016,3.7229546953333337,0.51811,0.08258,,5.907221466,1.47373402
PHL,2017,3.965668833666667,,,,6.070644004,1.48271859
PHL,2018,4.263006211333333,,,,6.230753279,1.53632784
PHL,2019,3.25501099,,,,6.107330108,1.69175851
PHL,2020,3.591625931333333,,,,5.896561288,2.33325934
PHL,2021,4.069567894333333,,,,5.854884793,2.6710124
PHL,2022,,,,,5.942082527,2.3236084
PHL,2023,,,,,6.097777337,2.16258121
PHL,2024,,,,,6.097777337,
PLW,2000,,,,,,4.58880663
PLW,2001,,,,,,3.96126223
PLW,2002,,,,,,3.58202147
PLW,2003,,,,,,3.94900894
PLW,2004,,,,,,4.14845562
PLW,2005,,,,,,3.47357202
PLW,2006,,,,,,3.63601208
PLW,2007,,,,,,3.40086675
PLW,2008,,,,,,3.04033828
PLW,2009,,,,,,3.99591303
PLW,2010,,,,,,4.15492439
PLW,2011,,,,0.82,,4.29253674
PLW,2012,,,,,,4.82126188
PLW,2013,,,,,,5.48087215
PLW,2014,,,,,,5.56669378
PLW,2015,,,,,,4.94348574
PLW,2016,,,,,,5.23204374
PLW,2017,,,,,,5.65769434
PLW,2018,,,,,,6.05926895
PLW,2019,,,,,,7.04400301
PLW,2020,,,,,,6.88389778
PLW,2021,,,,,,7.58051348
PLW,2022,,,,,,7.71421003
PLW,2023,,,,,,6.6059494
PNG,2000,2.228474081,,,,0.909725294,1.70150447
PNG,2001,2.181482098,,,,0.909725294,1.66755974
PNG,2002,2.2144798556666667,,,,0.874243154,1.76445663
PNG,2003,2.1359258916666666,,,,0.814430676,1.42519522
PNG,2004,2.122788312,,,,0.912877144,1.70005941
PNG,2005,2.1351868783333336,,,,0.929464587,1.61288869
PNG,2006,2.1400475376666668,,,,0.984508609,1.62889814
PNG,2007,2.110022277,,,,0.958815249,1.63440716
PNG,2008,2.076294606333333,,,,1.030040828,1.51408112
PNG,2009,2.0529630756666664,,,,1.057074352,1.55684996
PNG,2010,2.128917161,,,,1.086533095,1.30032146
PNG,2011,2.1565821333333335,,,0.1,1.182127035,1.49705744
PNG,2012,2.129110166,,,,1.275050958,1.82221472
PNG,2013,2.156740205,,,,1.357480744,1.98455942
PNG,2014,2.3439171013333335,,,,1.360544334,2.02066565
PNG,2015,2.37677373,,,,1.382813233,1.37782788
PNG,2016,2.3798638703333332,,,,1.527955608,1.67796266
PNG,2017,2.289238507,,,,1.464414258,1.68148077
PNG,2018,2.342287046,,,,1.403356601,1.61519086
PNG,2019,2.4304004133333335,,,,1.224291829,1.3562634
PNG,2020,2.0604175306666668,,,,1.128400043,1.58207059
PNG,2021,2.140489778,,,,1.0435203,1.16997361
PNG,2022,,,,,0.92263046,1.52998793
PNG,2023,,,,,0.956406993,2.10291815
PNG,2024,,,,,0.956406993,
POL,2000,15.626531788333333,,,,9.471661148,3.59174061
POL,2001,15.629209112333333,,,,9.471661148,3.96737576
POL,2002,15.543581437999999,,,,9.70743781,4.23111773
POL,2003,15.208035426,,,,10.133200228,4.06905413
POL,2004,15.564691137000002,,,,10.543646528,3.94105005
POL,2005,15.548625813666666,,,,10.836452343,3.96801353
POL,2006,14.829267712666669,,,,11.295532882,3.98788857
POL,2007,13.588828609999998,,,,11.800316855,4.08632708
POL,2008,14.751784969666666,,,,11.927509567,4.52287197
POL,2009,16.44754833,,,,11.834235009,4.71393776
POL,2010,15.824025435666664,,,,11.658479084,4.59161377
POL,2011,15.310030426000003,,,5.08,11.651513134,4.43579817
POL,2012,15.601282862666666,,,,11.854714912,4.34928942
POL,2013,15.356208796333334,,,,11.906203554,4.53399515
POL,2014,14.727513679333335,,,,11.985366056,4.46929932
POL,2015,13.369368417333334,,,,11.860612966,4.41299105
POL,2016,11.586224367999998,24.176,0.26133,,11.870802018,4.49414158
POL,2017,11.178022587333333,,,,11.892200993,4.4990406
POL,2018,11.318263949333334,,,,12.025700246,4.44357109
POL,2019,11.646774788333333,,,,12.137062457,4.56083679
POL,2020,11.785081671333332,,,,12.245076176,4.62092304
POL,2021,11.615554487333334,,,,12.139712627,4.58968067
POL,2022,,,,,11.874368364,4.77248859
POL,2023,,,,,11.513949402,5.50431299
POL,2024,,,,,11.513949402,
PRI,2000,7.922758427999999,,,,6.482007807,
PRI,2001,7.2246376796666665,,,,6.482007807,
PRI,2002,5.937499350666667,,,,6.248290061,
PRI,2003,6.539303403333332,,,,6.052897361,
PRI,2004,6.934183233,,,,5.932399787,
PRI,2005,6.959276255333333,,,,5.893688936,
PRI,2006,6.431608862,,,,5.844335567,
PRI,2007,6.634320555666666,,,,5.71176568,
PRI,2008,7.097279554,,,,5.582775315,
PRI,2009,7.7901317279999995,,,,5.481466805,
PRI,2010,6.653794980666667,,,,5.495902657,
PRI,2011,6.037422408666665,,,,5.626821456,
PRI,2012,5.651330742333333,,,,5.830254719,
PRI,2013,5.614754759,,,,6.009967794,
PRI,2014,4.875564048333334,,,,6.078014689,
PRI,2015,5.021868675,,,,6.040895147,
PRI,2016,4.233579204,,,,5.912295297,
PRI,2017,5.3285732470000005,,,,5.831450317,
PRI,2018,4.5067578416666665,,,,5.74507727,
PRI,2019,4.440364252666667,,,,5.49560024,
PRI,2020,4.549204530333333,,,,5.369043244,
PRI,2021,4.092439160333334,,,,5.392403108,
PRI,2022,,,,,5.697468691,
PRI,2023,,,,,5.855506798,
PRI,2024,,,,,5.855506798,
PRK,2000,9.007892291666666,,,,2.171726815,
PRK,2001,8.810931733666667,,,,2.171726815,
PRK,2002,8.862050749,,,,2.117152322,
PRK,2003,8.615083108999999,,,,2.267832486,
PRK,2004,8.365071428,,,,2.305626659,
PRK,2005,8.204223381666667,,,,2.356779149,
PRK,2006,8.22005184,,,,2.375736284,
PRK,2007,8.466636159333333,,,,2.384200398,
PRK,2008,8.903178031666666,,,,2.416666945,
PRK,2009,8.966721079000001,,,,2.545622268,
PRK,2010,9.231265240666668,,,,2.663371066,
PRK,2011,9.278984846666667,,,,2.740631816,
PRK,2012,9.113301213333333,,,,2.761630558,
PRK,2013,9.151763500333333,,,,2.765945617,
PRK,2014,9.144933028666665,,,,2.743370366,
PRK,2015,9.379693032666667,,,,2.747256532,
PRK,2016,9.292419614,,,,2.725105926,
PRK,2017,8.808493111333332,,,,2.702932659,
PRK,2018,8.37441447,,,,2.647754078,
PRK,2019,8.476486142,,,,2.627650448,
PRK,2020,7.694025861666667,,,,2.622000302,
PRK,2021,7.6796497986666665,,,,2.617344336,
PRK,2022,,,,,2.622406317,
PRK,2023,,,,,2.627964925,
PRK,2024,,,,,2.627964925,
PRT,2000,5.64559413,,,,13.66201673,5.99815702
PRT,2001,6.744721131666668,,,,13.66201673,6.05405951
PRT,2002,9.573424040333334,,,,13.492678898,6.32552099
PRT,2003,8.972980524,,,,13.398532847,6.44214296
PRT,2004,7.751512414666667,,,,13.250955196,6.72644234
PRT,2005,8.186062133666667,,,,13.158957156,6.84422255
PRT,2006,8.160887885333333,,,,12.944637815,5.93430281
PRT,2007,8.652551415,,,,12.791366947,5.80185938
PRT,2008,8.926330401333333,,,,12.683262622,5.98957777
PRT,2009,8.948861855666667,,,,12.592845806,6.46387529
PRT,2010,9.147537876333333,,,,12.407932107,6.66389227
PRT,2011,8.284554774333333,,,5.24,11.856970636,6.26895714
PRT,2012,8.847053123333334,,,,11.328569738,5.90736532
PRT,2013,8.273266758666667,,,,11.119489932,5.8519187
PRT,2014,9.555845259,,,,11.326910165,5.76389647
PRT,2015,8.595381513333333,,,,11.730090148,5.75569677
PRT,2016,7.658958826999999,,0.28795,,12.098612931,5.78788328
PRT,2017,8.236627511666667,,,,12.389167583,5.70213747
PRT,2018,7.785322267666667,,,,12.403852647,5.76187086
PRT,2019,7.990969312,,,,12.142176667,5.77892017
PRT,2020,7.831212595,,,,12.232426739,6.75691032
PRT,2021,7.383285874999999,,,,12.856086404,7.00375891
PRT,2022,,,,,13.559914902,6.57459879
PRT,2023,,,,,13.745856832,6.16079521
PRT,2024,,,,,13.745856832,
PRY,2000,3.8969353146666665,,,,6.250167595,2.32489133
PRY,2001,3.760668386666667,,,,6.250167595,1.94766605
PRY,2002,4.041120182333334,,,,5.983188409,1.46725607
PRY,2003,4.034317762333333,,,,5.836222552,1.63003397
PRY,2004,4.996861578333333,,,,6.022954321,1.59777284
PRY,2005,4.919202866,,,,6.425430791,1.58578682
PRY,2006,4.966622952333333,,,,6.683862987,1.76220965
PRY,2007,4.698342084,,,,6.923787796,1.73575354
PRY,2008,4.2772216216666665,,,,6.973774855,1.62055254
PRY,2009,5.390095509333334,,,,7.121795726,2.12176824
PRY,2010,4.469177394333333,,,,7.114807603,2.1311543
PRY,2011,5.408084745,,,0.31,7.117104562,2.46140838
PRY,2012,5.4314128440000005,,,,6.975576116,3.03290367
PRY,2013,5.74457264,,,,6.779876795,2.6527679
PRY,2014,6.824060942666667,,,,6.635488624,3.16169024
PRY,2015,6.603724023999999,,,,6.495626692,3.1565783
PRY,2016,6.150069715666667,,0.03012,,6.406597184,3.14797997
PRY,2017,6.367141332999999,,,,6.384005449,3.02672791
PRY,2018,7.499103266,,,,6.393576529,3.02979112
PRY,2019,8.127287908333333,,,,6.357700581,3.31885815
PRY,2020,6.520115208333333,,,,6.451250264,4.13318157
PRY,2021,6.5719610873333325,,,,6.551930879,4.46610212
PRY,2022,,,,,6.772747444,4.08453465
PRY,2023,,,,,6.902375615,4.63161516
PRY,2024,,,,,6.902375615,
PSE,2000,0.9419154673333333,,,,,2.72239161
PSE,2001,0.9486821073333335,,,,,2.56014633
PSE,2002,0.9820622733333333,,,,,3.1405654
PSE,2003,0.947349467,,,,,3.0772078
PSE,2004,0.9431814976666667,,,,,3.60594678
PSE,2005,0.9221265373333333,,,,,3.96260071
PSE,2006,0.8749745563333334,,,,,3.27039266
PSE,2007,0.9053632886666666,,,,,3.43123531
PSE,2008,0.8580657126666668,,,,,3.67211366
PSE,2009,0.8051374086666666,,,,,3.65880156
PSE,2010,0.7721375893333334,,,,,3.29111481
PSE,2011,0.7958709723333334,,,,,3.28588367
PSE,2012,0.8586531026666666,,,,,2.95999742
PSE,2013,0.9547514803333333,,,,,3.22583795
PSE,2014,1.057751333,,,,,3.15190101
PSE,2015,0.9255882516666668,,,,,3.11889291
PSE,2016,0.8207765449999999,,,,,2.66232371
PSE,2017,0.8272956783333334,,,,,3.19112968
PSE,2018,0.8469839886666666,,,,,2.84986925
PSE,2019,0.8203765383333333,,,,,3.66190886
PSE,2020,0.8044014503333333,,,,,3.85396838
PSE,2021,0.81549271,,,,,4.26700115
PSE,2022,,,,,,3.91599488
PSE,2023,,,,,,4.44729948
PYF,2000,,,,,9.367986441,
PYF,2001,,,,,9.367986441,
PYF,2002,,,,,9.445253896,
PYF,2003,,,,,9.42549897,
PYF,2004,,,,,9.335111202,
PYF,2005,,,,,9.069916712,
PYF,2006,,,,,8.992127671,
PYF,2007,,,,,8.816431432,
PYF,2008,,,,,8.861470872,
PYF,2009,,,,,8.741467354,
PYF,2010,,,,,8.639760945,
PYF,2011,,,,,8.466643113,
PYF,2012,,,,,8.317479186,
PYF,2013,,,,,8.146334147,
PYF,2014,,,,,7.986178404,
PYF,2015,,,,,7.956620312,
PYF,2016,,,,,8.03185693,
PYF,2017,,,,,8.090691405,
PYF,2018,,,,,8.485279718,
PYF,2019,,,,,8.281895473,
PYF,2020,,,,,8.540963417,
PYF,2021,,,,,8.009828977,
PYF,2022,,,,,8.024422905,
PYF,2023,,,,,7.409122169,
PYF,2024,,,,,7.409122169,
QAT,2000,11.571159798666669,,,,0.717441038,1.1739918
QAT,2001,11.901470063666666,,,,0.717441038,1.4624722
QAT,2002,11.515003078,,,,0.894612512,1.547966
QAT,2003,10.170544537,,,,1.035110778,2.62767673
QAT,2004,9.425633256333333,,,,1.181843034,2.38695359
QAT,2005,8.636257428999999,,,,1.267248006,1.92000175
QAT,2006,7.772566677666667,,,,1.286934831,1.71230614
QAT,2007,7.779388057999999,,,,1.257922367,1.54760242
QAT,2008,7.2031288380000005,,,,1.232132571,1.22314608
QAT,2009,6.9614751623333335,,,,1.233315676,1.69266617
QAT,2010,6.650115445333333,,,,1.238250464,1.32764482
QAT,2011,6.211665411999999,,,,1.255922874,1.17667866
QAT,2012,5.784401609333333,,,,1.274870648,1.38358474
QAT,2013,5.386108131333334,,,,1.262185756,1.74754512
QAT,2014,5.232345964666667,,,,1.260424998,2.10174274
QAT,2015,5.0497309213333335,,,,1.224087954,3.19502282
QAT,2016,5.070978665333333,2.71237,0.0382,,1.220650439,3.04590583
QAT,2017,4.938983021333334,,,,1.188918644,2.71251249
QAT,2018,4.8329026530000005,,,,1.204572288,2.50761104
QAT,2019,4.699702946666666,,,,1.175762768,2.72214365
QAT,2020,3.711874729666667,,,,1.157237878,3.30993986
QAT,2021,3.5851936713333337,,,,1.249928106,2.45963025
QAT,2022,,,,,1.260164758,1.79685986
QAT,2023,,,,,1.300786632,2.09512258
QAT,2024,,,,,1.300786632,
REU,2000,,,,,3.820094678,
REU,2001,,,,,3.820094678,
REU,2002,,,,,3.764899075,
REU,2003,,,,,3.720622447,
REU,2004,,,,,6.231202291,
REU,2005,,,,,8.790775426,
REU,2006,,,,,11.312126796,
REU,2007,,,,,11.238217986,
REU,2008,,,,,11.043293832,
REU,2009,,,,,10.975689047,
REU,2010,,,,,10.95261398,
REU,2011,,,,,10.965608853,
REU,2012,,,,,10.8904958,
REU,2013,,,,,10.877678173,
REU,2014,,,,,10.981987586,
REU,2015,,,,,11.132163523,
REU,2016,,,,,11.242467016,
REU,2017,,,,,11.039714665,
REU,2018,,,,,10.937263756,
REU,2019,,,,,10.630276479,
REU,2020,,,,,10.648822061,
REU,2021,,,,,10.602968067,
REU,2022,,,,,10.603189696,
REU,2023,,,,,10.550713666,
REU,2024,,,,,10.550713666,
ROU,2000,11.483529016333334,,,,18.764214409,3.33585477
ROU,2001,10.911776556666666,,,,18.764214409,3.48990417
ROU,2002,12.514236010666666,,,,19.110661907,3.6797502
ROU,2003,11.757326074,,,,19.022901765,4.46193647
ROU,2004,10.953125583333332,,,,18.461979539,4.04278946
ROU,2005,10.374840724666667,,,,18.137286755,4.40981054
ROU,2006,10.829192945666668,,,,17.942850154,4.02086115
ROU,2007,9.626611883,,,,18.220746767,4.09066439
ROU,2008,9.726822802000001,,,,18.284187198,4.07320023
ROU,2009,10.251700828666666,,,,18.034846755,4.15188551
ROU,2010,10.901776510666666,,,,17.543838569,4.50492287
ROU,2011,10.045438478666666,,,,17.263172224,3.35521555
ROU,2012,10.537736181,,,,17.164989967,3.46611238
ROU,2013,10.033963389666667,,,,17.117886348,4.12454033
ROU,2014,9.135620205666667,,,,17.047026502,3.96595645
ROU,2015,9.225130676666666,,,,16.947888293,3.85264945
ROU,2016,8.090043388666667,5.66495,0.39242,,16.948767374,3.97179151
ROU,2017,8.007984657666666,,,,17.075813456,4.07767963
ROU,2018,7.918295520000001,,,,17.137004118,4.39458323
ROU,2019,7.255091056333334,,,,16.996733371,4.56736565
ROU,2020,7.505535691333333,,,,16.932051477,4.97246981
ROU,2021,7.325571949333333,,,,16.880368078,4.88112116
ROU,2022,,,,,17.0839307,4.50321484
ROU,2023,,,,,17.066128308,4.3310914
ROU,2024,,,,,17.066128308,
RUS,2000,49.36857857333334,,,,14.304957347,2.9796474
RUS,2001,47.734120663333336,,,,14.304957347,3.04301357
RUS,2002,46.289225163333334,,,,14.562345526,3.21910429
RUS,2003,44.768889,,,,14.786245948,3.00005722
RUS,2004,42.89235256333333,,,,14.943683483,2.79753399
RUS,2005,40.67278762,,,,15.033435856,2.91765976
RUS,2006,37.17678866,,,,15.192653028,2.94237709
RUS,2007,35.496378650000004,,,,15.269713495,2.94628835
RUS,2008,34.33296299333333,,,,15.093768038,3.07102203
RUS,2009,32.9947534,,,,14.733774091,3.50300717
RUS,2010,31.998248811666667,,,,14.414366266,3.0512259
RUS,2011,30.884248110666665,,,,14.284241575,3.00404239
RUS,2012,29.965623079,,,,14.014332116,3.14483786
RUS,2013,29.303540488,,,,13.504835239,3.16959071
RUS,2014,29.014930755333335,,,,12.7783575,3.20183682
RUS,2015,27.687564185,8.47882,,,12.228380979,3.10976052
RUS,2016,26.826593946666666,,,,11.441139086,3.0124886
RUS,2017,24.13247627033333,,,,10.85315554,3.05932951
RUS,2018,22.780272309666667,,,,10.280762404,3.18402362
RUS,2019,21.453770196666664,,,,10.192136988,3.45416045
RUS,2020,18.325892649,,,,10.102102227,5.91601133
RUS,2021,18.544150611666666,,,,10.08497351,4.89008141
RUS,2022,,,,,10.224220213,4.86750841
RUS,2023,,,,,10.408594416,4.93410778
RUS,2024,,,,,10.408594416,
RWA,2000,27.7941333,,,,1.059929098,0.64626944
RWA,2001,24.7293215,,,,1.059929098,0.698044
RWA,2002,22.19157214,,,,1.026553685,0.75793403
RWA,2003,19.657495769,,,,0.975180803,2.30380893
RWA,2004,17.564086004666667,,,,0.959413846,1.92855704
RWA,2005,16.354558685666667,,,,1.01715463,1.61428237
RWA,2006,15.705577775,,,,1.077279314,1.48205781
RWA,2007,15.378901511,,,,1.051139424,1.74627984
RWA,2008,14.999157462666666,,,,1.046498138,1.81383979
RWA,2009,14.459435056333334,,,,1.092883182,1.88107121
RWA,2010,14.261927049666667,,,,1.19032449,2.03921556
RWA,2011,14.057688447666665,,,,1.27468801,2.19739747
RWA,2012,13.956810675333335,,,,1.337872803,2.05491209
RWA,2013,13.816890048,,,,2.065023451,2.17188406
RWA,2014,13.875266322333333,,,,2.867169255,2.19319296
RWA,2015,13.842854979666667,,,,3.689983317,2.10472178
RWA,2016,13.823582916333335,0.06019,0.39554,,3.660152323,1.5660044
RWA,2017,13.964285089333336,,,,3.553902086,1.56328964
RWA,2018,13.872547296999999,,,,3.508835864,1.64325416
RWA,2019,13.897362915333332,,,,3.614475507,1.76991165
RWA,2020,13.452224023666668,,,,3.819602212,2.13853812
RWA,2021,14.346446697666666,,,,3.988659701,2.63611889
RWA,2022,,,,,4.114378745,2.43239522
RWA,2023,,,,,4.144566605,2.41123104
RWA,2024,,,,,4.144566605,
SAU,2000,4.431470744333333,,,,,3.03455424
SAU,2001,4.525276996666666,,,,,3.23656511
SAU,2002,4.555638545666667,,,,,3.07290077
SAU,2003,4.373423227,,,,,2.87984729
SAU,2004,4.096529087666666,,,,,2.56183243
SAU,2005,3.802885949666667,,,,,2.47836709
SAU,2006,3.472699668,,,,,2.64138937
SAU,2007,3.059171084666667,,,,,2.5073967
SAU,2008,2.676592323,,,,,1.88940501
SAU,2009,2.3472699573333333,,,,,2.78823733
SAU,2010,2.0376836656666666,,,,,2.2592144
SAU,2011,1.723006779,,,3.89,,2.46959376
SAU,2012,1.5200995080000002,,,,,2.72299576
SAU,2013,1.482652149,,,,,3.07811379
SAU,2014,1.5461649686666668,,,,,3.68119621
SAU,2015,1.5318857469999998,,,,,4.01395369
SAU,2016,1.5704851069999999,1.32141,0.01268,,,4.34350872
SAU,2017,1.7112141496666666,,,,,4.33328104
SAU,2018,1.783780899,,,,,3.75438356
SAU,2019,1.7677647106666667,,,,,4.03419542
SAU,2020,1.652399392666667,,,,,5.20342541
SAU,2021,1.6260440006666668,,,,,4.5653944
SAU,2022,,,,,,4.09908247
SAU,2023,,,,,,4.42276096
SDN,2000,5.1579996050000005,,,,1.48071224,1.21998167
SDN,2001,5.070195142666667,,,,1.48071224,1.1215229
SDN,2002,4.971937577333333,,,,1.471239157,1.128654
SDN,2003,4.848521640666667,,,,1.410514093,1.26332223
SDN,2004,4.7410572203333325,,,,1.370862636,1.57302713
SDN,2005,4.645492229333334,,,,1.328239281,1.59963596
SDN,2006,4.539031245666667,,,,1.350004838,1.77735722
SDN,2007,4.498409644333333,,,,1.379244614,2.0494504
SDN,2008,4.4995850163333335,,,,1.40174502,1.73194993
SDN,2009,4.743589582999999,,,,1.399876321,2.6293633
SDN,2010,4.4207227263333335,,,,1.398000124,1.64626622
SDN,2011,4.675993361333333,,,,1.398554769,1.28281784
SDN,2012,4.473859665333333,,,,1.398351464,1.49337018
SDN,2013,4.674285002,,,,1.398260399,1.15195048
SDN,2014,4.5069635109999995,,,,1.398262415,1.43453598
SDN,2015,4.420851335333333,0.08021,,,1.398306853,0.82485694
SDN,2016,4.3292893003333335,,,,1.398152152,1.28979421
SDN,2017,4.326883207333333,,,,1.398236747,1.06663251
SDN,2018,4.361190056000001,,,,1.398671255,1.03874981
SDN,2019,4.1664082680000005,,,,1.3991906,1.03735721
SDN,2020,3.797260157666667,,,,1.399491997,1.04006422
SDN,2021,3.9042420083333327,,,,1.39948025,0.77320933
SDN,2022,,,,,1.399331947,0.82583225
SDN,2023,,,,,1.399207252,0.59154689
SDN,2024,,,,,1.399207252,
SEN,2000,12.979283678,,,,0.202839499,1.25274444
SEN,2001,12.225031128333333,,,,0.202839499,1.415766
SEN,2002,11.972504999999998,,,,0.19035127,1.33993769
SEN,2003,12.192101582333331,,,,0.18898229,1.54446924
SEN,2004,12.080703687666665,,,,0.217496469,1.62704813
SEN,2005,11.980676129,,,,0.245548436,1.59510648
SEN,2006,11.739086796,,,,0.326361478,1.7594533
SEN,2007,11.678391414666669,,,,0.394890895,1.31880546
SEN,2008,12.187029376333333,,,,0.444635523,1.3871423
SEN,2009,12.209306849,,,,0.42070569,1.40655613
SEN,2010,11.888682708,,,,0.402564964,1.16160142
SEN,2011,11.934708993000001,,,,0.388411999,1.30861914
SEN,2012,12.202713997666669,,,,0.374724511,1.21922708
SEN,2013,12.298189962666667,,,,0.346185266,1.17077053
SEN,2014,12.522735813333332,,,,0.333804274,1.080037
SEN,2015,12.251142786333332,,,,0.356809568,1.07820702
SEN,2016,12.218701760666667,0.20031,0.02671,,0.379814444,1.06801915
SEN,2017,12.116141809333334,,,,0.396979568,1.01061249
SEN,2018,11.980402634333332,,,,0.4004248,1.11893904
SEN,2019,12.009313249333333,,,,0.386171786,1.05768847
SEN,2020,12.095814447999999,,,,0.402191799,1.72161877
SEN,2021,11.643677017666667,,,,0.369922897,1.20091772
SEN,2022,,,,,0.357955022,1.08714914
SEN,2023,,,,,0.326117739,1.1920532
SEN,2024,,,,,0.326117739,
SGP,2000,11.482142677333334,,,,1.679355602,1.21474111
SGP,2001,10.736353402666666,,,,1.679355602,0.88201147
SGP,2002,11.431249794000001,,,,1.748808926,1.05214119
SGP,2003,11.266977865000001,,,,1.7607036,1.3372829
SGP,2004,10.535700453666665,,,,1.780417594,1.02267361
SGP,2005,10.114814404999999,,,,1.747411793,1.00069571
SGP,2006,9.816087373333334,,,,1.754367697,0.99547803
SGP,2007,9.408140911666665,,,,1.775882104,0.95031685
SGP,2008,8.831424873666668,,,,1.801872938,1.19189203
SGP,2009,9.015787361000001,,,,1.84558619,1.18541074
SGP,2010,8.244241269333333,,,,1.854151372,1.14910603
SGP,2011,7.779479787666666,,,4.14,1.849655283,1.17214501
SGP,2012,9.101727251333333,,,,1.790978791,1.30787134
SGP,2013,8.384768026666666,,,,1.742479873,1.53696907
SGP,2014,8.135288255,,,,1.689131862,1.74364483
SGP,2015,7.490223689666666,,,,1.683566369,1.96816146
SGP,2016,7.219252801666666,4.19131,0.07226,,1.659341707,2.07529497
SGP,2017,7.139768373333333,,,,1.675786916,2.10866928
SGP,2018,7.434102316666667,,,,1.69475641,2.04126763
SGP,2019,7.122981552,,,,1.896723973,2.2847712
SGP,2020,7.4508716433333335,,,,2.155097827,3.41540074
SGP,2021,6.935807356999999,,,,2.417781303,3.13151574
SGP,2022,,,,,2.345850938,2.60371685
SGP,2023,,,,,2.177755449,2.62583375
SGP,2024,,,,,2.177755449,
SHN,2000,,,,,9.5,
SHN,2001,,,,,9.5,
SHN,2002,,,,,8.99,
SHN,2003,,,,,8.676666667,
SHN,2004,,,,,7.166666667,
SHN,2005,,,,,8.41,
SHN,2006,,,,,7.746666667,
SHN,2007,,,,,6.807237745,
SHN,2008,,,,,4.743904412,
SHN,2009,,,,,4.413904412,
SHN,2010,,,,,4.155894577,
SHN,2011,,,,,5.013068048,
SHN,2012,,,,,5.013068048,
SHN,2013,,,,,4.14717347,
SHN,2014,,,,,3.29,
SHN,2015,,,,,3.29,
SHN,2016,,,,,3.29,
SHN,2017,,,,,3.29,
SHN,2018,,,,,3.29,
SHN,2019,,,,,3.29,
SHN,2020,,,,,3.29,
SHN,2021,,,,,3.29,
SHN,2022,,,,,3.29,
SHN,2023,,,,,3.29,
SHN,2024,,,,,3.29,
SLB,2000,21.015329681333334,,,,0.451774985,4.44415522
SLB,2001,20.260116038333333,,,,0.451774985,6.02517366
SLB,2002,20.777564132,,,,0.403389378,5.73763466
SLB,2003,21.751030463333336,,,,0.497162604,5.23841286
SLB,2004,19.587304651666667,,,,0.513858255,4.88922024
SLB,2005,20.439205984,,,,0.580888516,6.40079355
SLB,2006,20.513640945,,,,0.636835189,5.25133944
SLB,2007,23.119370523333334,,,,0.732667751,4.962358
SLB,2008,24.344835856666666,,,,0.737415474,3.15582204
SLB,2009,24.277129670000004,,,,0.732645697,3.10495329
SLB,2010,24.076382256666665,,,,0.72246734,2.94911718
SLB,2011,24.067639903333333,,,1.3,0.700924446,2.87079024
SLB,2012,23.965356600000003,,,,0.666516305,2.94720888
SLB,2013,23.720429773333336,,,,0.639534349,2.77344251
SLB,2014,23.634769820000002,,,,0.642365036,2.9565556
SLB,2015,23.49823984,,,,0.732111671,3.06908107
SLB,2016,23.339389636666667,,,,1.034754338,3.15399909
SLB,2017,23.289925643333333,,,,1.121527107,3.09555912
SLB,2018,23.299177583333336,,,,1.062840335,2.96293306
SLB,2019,23.05912304,,,,0.75055688,3.25913024
SLB,2020,22.179236266666667,,,,0.626340148,3.62380624
SLB,2021,22.377327896666667,,,,0.56418893,3.45109582
SLB,2022,,,,,0.56089204,3.32158995
SLB,2023,,,,,0.589281022,3.3744123
SLB,2024,,,,,0.589281022,
SLE,2000,8.159308303333333,,,,2.837779558,0.56016588
SLE,2001,8.500907063666666,,,,2.837779558,0.65394258
SLE,2002,8.938368181333333,,,,2.844072873,0.68559587
SLE,2003,9.116933728666668,,,,2.800991864,0.63837194
SLE,2004,9.366804559666667,,,,2.763098139,0.60742605
SLE,2005,9.559317405,,,,2.72970438,0.59220541
SLE,2006,9.525025243333333,,,,2.733932123,0.54349309
SLE,2007,9.958711981333332,,,,2.776017748,0.4417356
SLE,2008,10.134561291999999,,,,2.792381844,0.45621169
SLE,2009,10.205024704666666,,,,1.942652548,0.63343221
SLE,2010,10.335122258,,,,1.107029244,0.81356823
SLE,2011,10.080551704,,,,0.303607807,0.70601135
SLE,2012,10.045926966,,,,0.36215853,0.6394307
SLE,2013,9.686075011666667,,,,0.355747662,0.58837235
SLE,2014,9.397327706333334,,,,0.337320967,1.02695739
SLE,2015,9.362609201666666,,,,0.267859413,0.81068116
SLE,2016,9.776576857333334,,,,0.234762671,0.66393304
SLE,2017,9.961196971,0.04145,,,0.210374778,0.54366273
SLE,2018,10.053452525333334,,,,0.226047171,0.49137551
SLE,2019,9.957709063666668,,,,0.238266349,0.77659142
SLE,2020,9.123878773666666,,,,0.249956619,0.82859242
SLE,2021,9.819681659666665,,,,0.244417572,1.14799988
SLE,2022,,,,,0.247497155,0.8699919
SLE,2023,,,,,0.243894382,0.78892416
SLE,2024,,,,,0.243894382,
SLV,2000,9.058445323333332,,,,3.282492965,3.94314837
SLV,2001,8.805293688,,,,3.282492965,3.83341885
SLV,2002,7.960648872666667,,,,3.382975979,4.00326157
SLV,2003,8.333742768,,,,3.394205972,3.88919258
SLV,2004,9.278301114,,,,3.334162085,4.01650906
SLV,2005,10.533455276333333,,,,3.249708099,4.2482481
SLV,2006,10.747242199333334,,,,3.237997355,4.52057076
SLV,2007,10.126650803666665,,,,3.212938567,4.1049161
SLV,2008,9.314426990333333,,,,3.148101112,4.0889926
SLV,2009,10.696370291666668,,,,2.983847207,4.10507488
SLV,2010,9.093222248333333,,,,2.877503445,4.37232924
SLV,2011,9.734932757333333,,,,2.849931982,4.79892349
SLV,2012,7.739256017,,,,2.869668459,4.45448637
SLV,2013,7.643060754,,,,2.92544698,4.76325369
SLV,2014,9.055217201,,,,2.975013494,4.68769121
SLV,2015,12.436199623,,,,3.08753662,4.80888462
SLV,2016,10.570037245,0.88713,0.25347,,3.223664928,4.84736443
SLV,2017,9.178139851666666,,,,3.374910529,4.58291912
SLV,2018,7.982191509333333,,,,3.523218139,4.54387665
SLV,2019,8.406741832,,,,3.51574488,4.71487188
SLV,2020,8.077074403333333,,,,3.537658298,5.7965498
SLV,2021,8.285350675666667,,,,3.516654642,6.41989136
SLV,2022,,,,,3.61255015,6.12128019
SLV,2023,,,,,3.626294157,5.62305593
SLV,2024,,,,,3.626294157,
SMR,2000,,,,,,4.30573463
SMR,2001,,,,,,4.26485729
SMR,2002,,,,,,4.03321981
SMR,2003,,,,,,3.63807321
SMR,2004,,,,,,3.74707913
SMR,2005,,,,,,3.81809044
SMR,2006,,,,,,3.87701797
SMR,2007,,,,,,4.07534981
SMR,2008,,,,,,4.34516525
SMR,2009,,,,,,5.0
SMR,2010,,,,,,5.35588455
SMR,2011,,,,2.8,,7.16314268
SMR,2012,,,,,,7.96990728
SMR,2013,,,,,,7.33665133
SMR,2014,,,,,,7.30673313
SMR,2015,,,,,,7.28606033
SMR,2016,,,,,,7.38052702
SMR,2017,,,,,,7.23664856
SMR,2018,,,,,,7.35798597
SMR,2019,,,,,,7.23374033
SMR,2020,,,,,,7.61165524
SMR,2021,,,,,,6.62202978
SMR,2022,,,,,,6.39732409
SMR,2023,,,,,,5.74314785
SOM,2000,16.780977986666667,,,,0.0,
SOM,2001,16.896710623333334,,,,0.0,
SOM,2002,16.864247316666667,,,,0.0,
SOM,2003,16.799427286666667,,,,0.0,
SOM,2004,16.927156526666668,,,,0.0,
SOM,2005,16.832931756666667,,,,0.0,
SOM,2006,16.65473003,,,,0.0,
SOM,2007,16.468759346666666,,,,0.0,
SOM,2008,16.69115143666667,,,,0.0,
SOM,2009,16.743133043333334,,,,0.0,
SOM,2010,15.841678503333334,,,,0.0,
SOM,2011,14.422221512999998,,,,0.0,
SOM,2012,15.520660928666667,,,,0.0,
SOM,2013,16.2246827,,,,0.0,0.13704211
SOM,2014,16.099373273333335,,,,0.0,0.10548612
SOM,2015,16.002998566666665,,,,0.0,0.09905031
SOM,2016,15.892170983333335,,,,0.0,0.10706647
SOM,2017,15.887141446666666,,,,0.0,0.13631769
SOM,2018,15.82027932,,,,0.0,0.13900605
SOM,2019,15.719523566666666,,,,0.0,0.15007043
SOM,2020,16.23497026,,,,0.0,0.2304647
SOM,2021,15.459200050000002,,,,0.0,0.34554738
SOM,2022,,,,,0.0,0.31191349
SOM,2023,,,,,0.0,0.5303756
SOM,2024,,,,,0.0,
SRB,2000,19.027766662666668,,,,10.471612688,3.79907131
SRB,2001,17.82837965366667,,,,10.471612688,4.13802195
SRB,2002,18.141763573,,,,10.541188279,5.23220444
SRB,2003,17.036847855333335,,,,10.807558518,5.10396385
SRB,2004,16.668855354666665,,,,10.943931838,5.18188715
SRB,2005,15.901448303,,,,11.098073691,5.29795027
SRB,2006,15.291994940666667,,,,11.181393671,5.1782732
SRB,2007,14.679081480999999,,,,11.2848707,5.50259209
SRB,2008,14.026938141,,,,11.086348281,5.64826584
SRB,2009,15.024578132666667,,,,10.875460054,5.54193211
SRB,2010,12.704719447333334,,,,10.706031541,5.58281469
SRB,2011,13.384720344333333,,,,10.697941671,5.3538456
SRB,2012,13.534413508999998,,,,10.634191654,5.56388712
SRB,2013,13.262159422333335,,,,10.539737447,5.34662533
SRB,2014,12.261113503999999,,,,10.549440528,5.1614337
SRB,2015,11.702386213333334,,,,10.627109265,4.88180637
SRB,2016,10.652211226666667,,,,10.767005082,4.69370461
SRB,2017,10.848962865666666,8.64282,0.40672,,10.90170173,4.5406208
SRB,2018,10.164786721,,,,11.043311104,4.85909271
SRB,2019,10.291525710666667,,,,10.985808851,4.83578539
SRB,2020,9.929729569666668,,,,10.908151046,5.06347847
SRB,2021,9.608716801333333,,,,10.904983949,6.04116869
SRB,2022,,,,,11.061202212,5.77386618
SRB,2023,,,,,11.214062679,5.26416254
SRB,2024,,,,,11.214062679,
SSD,2000,11.261134350333334,,,,0.273866843,
SSD,2001,10.681007276333332,,,,0.273866843,
SSD,2002,10.35980517,,,,0.273835161,
SSD,2003,10.415615653333333,,,,0.27380316,
SSD,2004,10.456506989,,,,0.273771004,
SSD,2005,10.310091336,,,,0.273738611,
SSD,2006,10.319787343666667,,,,0.273706145,
SSD,2007,10.229130008666667,,,,0.273673361,
SSD,2008,10.09641341,,,,0.27363157,
SSD,2009,10.201780847,,,,0.27357524,
SSD,2010,9.928589788666665,,,,0.401677064,
SSD,2011,9.663281787,,,,0.531174648,
SSD,2012,9.658423822666666,,,,0.681412129,
SSD,2013,9.896099048666668,,,,0.747935515,
SSD,2014,10.178525664,,,,0.779483574,
SSD,2015,10.891185550333333,,,,0.7133698,
SSD,2016,11.155442656,0.02525,0.00842,,0.656359139,
SSD,2017,11.552791123666665,,,,0.561493705,1.86679733
SSD,2018,12.810731792333334,,,,0.54459327,1.18756998
SSD,2019,13.578748285666668,,,,0.571438348,0.99254191
SSD,2020,14.300109386666668,,,,0.772195001,0.70622033
SSD,2021,14.044893823333332,,,,0.761544794,0.92913347
SSD,2022,,,,,0.647808964,0.62561053
SSD,2023,,,,,0.411590292,0.50114346
SSD,2024,,,,,0.411590292,
STP,2000,1.450524078,,,,6.005585001,3.51259375
STP,2001,1.4542989826666666,,,,6.005585001,3.70773029
STP,2002,1.4598196063333333,,,,6.510477666,3.77630806
STP,2003,1.4237307436666666,,,,6.945634103,6.05494833
STP,2004,1.414428995,,,,6.7973952,5.18779802
STP,2005,1.3376589233333334,,,,6.473163767,5.03137016
STP,2006,1.3914002116666666,,,,6.119169352,0.54927838
STP,2007,1.3676160486666664,,,,5.780226126,1.6642518
STP,2008,1.3360575646666666,,,,5.314699359,1.22298861
STP,2009,1.3286613113333334,,,,5.01386369,1.5904156
STP,2010,1.3193760586666665,,,,5.468510587,2.11927414
STP,2011,1.2714834343333334,,,,6.004754615,2.29882646
STP,2012,1.2953294696666666,,,,6.44005366,2.30571485
STP,2013,1.2883929953333333,,,,6.348045618,2.99635077
STP,2014,1.299402792,,,,6.077592769,2.79643965
STP,2015,1.3042976513333333,,,,5.750495038,2.0531044
STP,2016,1.2987343123333333,0.51137,0.51137,,5.220015114,3.06470799
STP,2017,1.3067631873333332,,,,4.967579667,3.43653798
STP,2018,1.2887877913333334,,,,4.917163579,2.62429023
STP,2019,1.316667607,,,,5.003955346,2.23238039
STP,2020,1.2542390843333333,,,,4.901310417,2.96807909
STP,2021,1.2654927833333334,,,,4.630043685,3.36913323
STP,2022,,,,,4.421760321,2.31201935
STP,2023,,,,,4.343795322,2.13394833
STP,2024,,,,,4.343795322,
SUR,2000,24.475147626666665,,,,4.831760991,2.84068179
SUR,2001,25.897866769999997,,,,4.831760991,1.85921216
SUR,2002,26.07607098,,,,4.834813089,2.45871258
SUR,2003,26.126183756666666,,,,4.913122981,2.13772202
SUR,2004,25.12983264,,,,4.908081945,2.43031907
SUR,2005,25.099086720000003,,,,4.917135081,2.36262965
SUR,2006,25.125837743333335,,,,4.94002082,2.71723485
SUR,2007,25.223330583333333,,,,5.047776708,2.58420277
SUR,2008,25.490729516666665,,,,5.17093887,2.09781647
SUR,2009,24.69765200333333,,,,5.365293296,2.28777623
SUR,2010,26.175851246666667,,,,5.633680848,1.9906764
SUR,2011,25.628749756666668,,,,5.891948898,1.79151595
SUR,2012,26.202094650000003,,,,6.088507693,1.75651753
SUR,2013,26.01138605,,,,6.010909958,1.88953507
SUR,2014,26.11207044,,,,5.678381963,1.87637579
SUR,2015,27.56621221,,,,5.597486479,3.16422224
SUR,2016,27.74972191666667,1.26535,,,5.683483435,3.71001315
SUR,2017,27.018207763333333,,,,6.06004166,3.09932327
SUR,2018,27.510000443333336,,,,6.285404292,4.47947168
SUR,2019,27.152091549999998,,,,6.140308703,6.09356403
SUR,2020,29.200169470000002,,,,5.959751804,4.03236008
SUR,2021,22.684329236666667,,,,5.732156837,3.27092934
SUR,2022,,,,,5.962900736,4.15005636
SUR,2023,,,,,6.025243833,3.3523376
SUR,2024,,,,,6.025243833,
SVK,2000,13.004581614333333,,,,12.30310625,4.64339685
SVK,2001,12.720518783666668,,,,12.30310625,4.70686579
SVK,2002,13.176960480333335,,,,11.916400561,4.85240364
SVK,2003,13.427655928333335,,,,11.693572719,4.77106667
SVK,2004,12.211977576666667,,,,11.699408085,5.03513718
SVK,2005,11.991811613000001,,,,11.816559211,4.97108793
SVK,2006,12.706816427666666,,,,11.967361605,4.77396774
SVK,2007,12.184063817999998,,,,12.115512895,4.93091011
SVK,2008,10.87702419,,,,12.21748215,5.20061636
SVK,2009,10.974147402,,,,12.076987581,5.69731617
SVK,2010,11.529887502333333,,,,11.737587259,5.44594288
SVK,2011,10.214349283666666,,,,11.57768551,5.2743578
SVK,2012,10.534340367333334,,,,11.494860716,5.3540163
SVK,2013,10.228960693,,,,11.486604356,5.48396778
SVK,2014,10.418308605666667,,,,11.511603991,5.44664001
SVK,2015,9.100259640333332,,,,11.505760941,5.30798721
SVK,2016,7.577536619333333,,,,11.32390346,5.6462183
SVK,2017,7.319444060666666,,,,11.26070522,5.32285929
SVK,2018,8.108768251666666,,,,11.412628073,5.25731754
SVK,2019,7.256780265333333,,,,11.125045172,5.44698572
SVK,2020,7.253245448333334,,,,10.386286694,5.66738129
SVK,2021,7.816741495,,,,9.65476279,6.08261681
SVK,2022,,,,,9.344236917,6.15263939
SVK,2023,,,,,9.071871901,5.80455589
SVK,2024,,,,,9.071871901,
SVN,2000,26.298633713333334,,,,13.221488842,5.60744858
SVN,2001,25.118257941333336,,,,13.221488842,5.61317778
SVN,2002,23.365569883000003,,,,12.788366599,5.87859297
SVN,2003,23.705582621,,,,12.291322631,5.88302135
SVN,2004,22.501730463333335,,,,12.702920381,5.75883818
SVN,2005,21.274820420666668,,,,12.697529498,5.81633949
SVN,2006,21.781246897333332,,,,12.784724409,5.64411831
SVN,2007,17.532087293666667,,,,12.490110604,5.29656601
SVN,2008,15.828222300999998,,,,11.98890901,5.69555473
SVN,2009,16.641302263666667,,,,11.795601874,6.22358179
SVN,2010,15.738672037666667,,,,11.669393679,6.25191069
SVN,2011,15.941068098666667,,,8.0,11.775332618,6.21524811
SVN,2012,16.094747659333333,,,,11.51304579,6.22969151
SVN,2013,16.403132599,,,,11.592562295,6.21515274
SVN,2014,14.510741434666668,,,,11.724309499,6.05442333
SVN,2015,15.041480952666667,,,,11.965472218,6.12037754
SVN,2016,14.170564107666666,11.95303,0.0482,,11.664750382,6.19861412
SVN,2017,14.072204960333332,,,,11.14140769,5.9297328
SVN,2018,12.632480820666666,,,,11.274095997,6.04779768
SVN,2019,13.719851734666667,,,,11.225670692,6.19899702
SVN,2020,12.035401537666667,,,,11.450675177,6.88721657
SVN,2021,13.232835473,,,,11.056742826,6.97821045
SVN,2022,,,,,10.908035952,7.07110405
SVN,2023,,,,,10.7410243,6.80327797
SVN,2024,,,,,10.7410243,
SWE,2000,12.027014130666666,,,,9.098871261,6.26558542
SWE,2001,12.794742028666667,,,,9.098871261,6.45880175
SWE,2002,12.768281828333334,,,,9.3051979,6.73689175
SWE,2003,11.855148701,,,,10.521408033,6.8950696
SWE,2004,11.994582018000001,,,,10.760254733,6.71323681
SWE,2005,12.747148259999998,,,,11.001012956,6.6967392
SWE,2006,12.314915141999998,,,,10.119906661,6.60596895
SWE,2007,12.011359095333333,,,,9.978842806,6.56826925
SWE,2008,12.360498417,,,,9.803326984,6.77395391
SWE,2009,13.027633170666666,,,,9.690672815,7.22804117
SWE,2010,11.853597371333334,,,,9.494110372,6.85484648
SWE,2011,11.783466979666665,,,10.0,9.282045886,8.87553692
SWE,2012,12.149242353,,,,9.298527911,9.1259203
SWE,2013,12.956309483666667,,,,9.317354377,9.23215675
SWE,2014,12.293272443,,,,9.39789922,9.30155087
SWE,2015,12.389616450333333,,,,9.227386223,9.16075993
SWE,2016,11.484858566666666,20.86328,,,9.126214325,9.21271133
SWE,2017,11.944285558666666,,,,9.015726089,9.2550211
SWE,2018,12.471913541,,,,8.900637239,9.37008476
SWE,2019,12.511057492,,,,8.994007051,9.28074455
SWE,2020,11.356058517,,,,8.924245739,9.83181
SWE,2021,11.690127093333333,,,,8.907187026,9.63231373
SWE,2022,,,,,8.710010582,9.32068729
SWE,2023,,,,,8.679310393,9.60061646
SWE,2024,,,,,8.679310393,
SWZ,2000,19.820785456,,,,5.5999437,2.41081047
SWZ,2001,21.547278408666667,,,,5.5999437,2.38431859
SWZ,2002,23.128639021666668,,,,5.538435973,2.4225831
SWZ,2003,24.433203445666663,,,,4.813015148,2.91704059
SWZ,2004,25.016421564,,,,4.83935099,3.02394485
SWZ,2005,25.389978245333335,,,,4.657491415,3.64060426
SWZ,2006,25.949679996666664,,,,4.843046804,3.45948696
SWZ,2007,26.406797523333335,,,,4.73112391,3.7541039
SWZ,2008,26.98832425,,,,4.533038409,4.45391893
SWZ,2009,26.364738283333335,,,,4.175171368,4.46149063
SWZ,2010,36.512963406666664,,,,4.144616209,4.22809029
SWZ,2011,26.092838723333333,,,,4.049922526,3.61155891
SWZ,2012,26.62401109,,,,4.63543929,3.41336322
SWZ,2013,27.53399835,,,,4.95834009,3.32492328
SWZ,2014,28.912760036666665,,,,5.094692741,2.73972297
SWZ,2015,31.051470394666666,,,,4.89320002,2.94745016
SWZ,2016,32.93102247433333,,,,4.951088142,2.84598303
SWZ,2017,35.90291812,0.07581,0.37907,,5.285120705,3.54254961
SWZ,2018,36.46301689333333,,,,5.351383628,3.39840841
SWZ,2019,34.15939804666667,,,,5.35734017,4.40824461
SWZ,2020,29.980329838333333,,,,5.302951801,3.53693056
SWZ,2021,32.45251703,,,,5.363988284,3.65004921
SWZ,2022,,,,,5.780027932,3.24393272
SWZ,2023,,,,,6.092776931,3.20377994
SWZ,2024,,,,,6.092776931,
SYC,2000,9.223837303,,,,4.876484529,3.78593802
SYC,2001,9.261306143666667,,,,4.876484529,3.75857329
SYC,2002,8.481162872,,,,4.824823444,3.63683939
SYC,2003,8.613237093,,,,4.8341,4.14589357
SYC,2004,8.812702958000001,,,,6.316928144,3.81282496
SYC,2005,7.9337413119999995,,,,7.610149698,3.62017798
SYC,2006,7.688609149333334,,,,8.918115568,3.44340944
SYC,2007,7.060746990999999,,,,8.673481612,3.04300809
SYC,2008,7.200643216666667,,,,8.095823982,2.40282655
SYC,2009,6.780769079,,,,7.862638377,2.3870523
SYC,2010,6.874340907333333,,,,8.04668046,3.1060183
SYC,2011,6.905342299,,,,8.900034116,3.01365519
SYC,2012,6.765501771666666,,,,9.142891769,4.02018118
SYC,2013,6.8123403106666665,,,,9.292731506,3.20524502
SYC,2014,6.9862706779999995,,,,9.296866297,3.18385339
SYC,2015,6.875193661666668,,,,9.548899586,3.1209166
SYC,2016,7.079013767666666,2.13352,,,9.517719373,3.25931096
SYC,2017,7.0528021789999995,,,,9.496449036,3.2699151
SYC,2018,7.105548312333333,,,,9.649240662,3.1646049
SYC,2019,7.087661113,,,,9.306069728,3.04219794
SYC,2020,5.8841541883333335,,,,8.890932921,4.47688675
SYC,2021,3.877139893666667,,,,8.353933005,3.72146273
SYC,2022,,,,,8.586082878,2.99964738
SYC,2023,,,,,9.004230568,3.1497128
SYC,2024,,,,,9.004230568,
SYR,2000,1.3188591143333335,,,,1.29095497,1.61808777
SYR,2001,1.235955952,,,,1.29095497,1.945274
SYR,2002,1.185762934,,,,1.250875188,2.24590731
SYR,2003,1.0510575533333333,,,,1.190695781,2.4527986
SYR,2004,0.9953762089999999,,,,1.12919679,2.13628435
SYR,2005,0.9199222983333334,,,,1.068916704,2.06910229
SYR,2006,0.8408265513333334,,,,1.004557486,1.77428043
SYR,2007,0.756839621,,,,0.96034213,1.76196051
SYR,2008,0.7260539783333333,,,,0.934036191,1.56797349
SYR,2009,0.694219756,,,,0.923550813,1.59122777
SYR,2010,0.693029262,,,,0.844148053,1.44551027
SYR,2011,0.6977135099999999,,,2.0,0.623374131,1.14291418
SYR,2012,0.7188276333333333,,,,0.381950492,1.37997222
SYR,2013,0.757731064,,,,0.239169494,1.81969619
SYR,2014,0.7438699553333333,,,,0.256505719,1.98435199
SYR,2015,0.7555047833333334,,,,0.272722809,1.76000929
SYR,2016,0.7273373849999999,0.36829,0.01601,,0.237381216,1.83358467
SYR,2017,0.7344907073333333,,,,0.212151814,1.91341209
SYR,2018,0.7439354823333333,,,,0.195713317,1.88352227
SYR,2019,0.725603699,,,,0.175829039,1.97450435
SYR,2020,0.6670023676666667,,,,0.133516505,1.4915427
SYR,2021,0.6720532979999999,,,,0.108558656,1.09464335
SYR,2022,,,,,0.1119157,0.8250348
SYR,2023,,,,,0.109446596,0.40483445
SYR,2024,,,,,0.109446596,
TCA,2000,,,,,1.914376936,
TCA,2001,,,,,1.914376936,
TCA,2002,,,,,1.899292574,
TCA,2003,,,,,1.897857627,
TCA,2004,,,,,1.923160102,
TCA,2005,,,,,1.98569704,
TCA,2006,,,,,2.063207206,
TCA,2007,,,,,2.129714579,
TCA,2008,,,,,2.178258681,
TCA,2009,,,,,2.205563529,
TCA,2010,,,,,2.214978694,
TCA,2011,,,,,2.208466961,
TCA,2012,,,,,2.155195242,
TCA,2013,,,,,2.096877085,
TCA,2014,,,,,7.119999929,
TCA,2015,,,,,12.105030292,
TCA,2016,,,,,16.821966928,
TCA,2017,,,,,16.406074994,
TCA,2018,,,,,15.966069898,
TCA,2019,,,,,13.979966378,
TCA,2020,,,,,12.713944202,
TCA,2021,,,,,12.124040495,
TCA,2022,,,,,13.697650327,
TCA,2023,,,,,14.661113379,
TCA,2024,,,,,14.661113379,
TCD,2000,11.225289385333333,,,,2.158153874,1.59994829
TCD,2001,11.323259368333332,,,,2.158153874,1.42270386
TCD,2002,11.424095088333331,,,,2.455082161,1.61589229
TCD,2003,11.286921767666668,,,,2.501663972,1.33923662
TCD,2004,11.380989948666667,,,,2.626143322,1.47851741
TCD,2005,11.574306008,,,,2.58316988,1.10235167
TCD,2006,11.632922821,,,,2.739700553,0.76379508
TCD,2007,11.657149249,,,,2.841836121,0.81764281
TCD,2008,11.821719707666666,,,,3.022732165,0.61977834
TCD,2009,11.991757644000002,,,,3.222318942,0.70113808
TCD,2010,12.047733979999999,,,,3.540794349,0.64793539
TCD,2011,11.935460274333332,,,,3.811025586,0.60246891
TCD,2012,11.765057482000001,,,,4.034529918,0.65627456
TCD,2013,11.575641141,,,,4.221891244,0.83544219
TCD,2014,11.368869713333334,,,,4.358802779,0.94091558
TCD,2015,11.081638518,,,,4.428649352,0.72352397
TCD,2016,10.946487612333334,0.00714,0.00714,,4.162080403,0.64428413
TCD,2017,10.969548039333333,,,,3.869591939,0.52580875
TCD,2018,11.130006516333333,,,,3.543515854,0.46814004
TCD,2019,11.149870283666667,,,,3.198156439,0.51349735
TCD,2020,11.411946577666667,,,,2.935047466,0.55167967
TCD,2021,10.825778075333332,,,,2.836769781,0.73647583
TCD,2022,,,,,2.925919594,0.92589098
TCD,2023,,,,,2.996680502,1.26169586
TCD,2024,,,,,2.996680502,
TGO,2000,15.257049716666666,,,,0.482562656,0.29096901
TGO,2001,15.459067619999999,,,,0.482562656,0.32503283
TGO,2002,15.617347911000001,,,,0.488579615,0.34117612
TGO,2003,15.920806393333335,,,,0.503333236,0.37685171
TGO,2004,15.803525792333332,,,,0.732124111,0.44411397
TGO,2005,16.008214875333334,,,,0.945799244,0.50362611
TGO,2006,16.064147668,,,,1.176073534,0.56445849
TGO,2007,15.981375097333332,,,,1.181961069,0.59498978
TGO,2008,16.482701024333334,,,,1.099419123,0.60018307
TGO,2009,16.708124617333333,,,,1.055812908,0.68256968
TGO,2010,16.75763934,,,,0.970871774,1.12349021
TGO,2011,16.737295748,,,,0.991910416,1.03214419
TGO,2012,16.665240093333335,,,,0.973835666,1.16667867
TGO,2013,16.634629156,,,,1.014623402,0.96069103
TGO,2014,16.5897861,,,,1.074326906,0.99828738
TGO,2015,16.483133088666666,,,,1.100803938,0.92438984
TGO,2016,16.63102227366667,0.05393,0.10786,,1.106425809,0.97535449
TGO,2017,16.337553416000002,,,,1.099092942,1.04958856
TGO,2018,16.182316022,,,,1.102860493,1.03169048
TGO,2019,16.023772845,,,,1.187986467,0.89146012
TGO,2020,15.70579232,,,,1.272564344,0.91246384
TGO,2021,15.321454863,,,,1.376475955,0.55793744
TGO,2022,,,,,1.424262281,0.66535133
TGO,2023,,,,,1.498213753,0.6805678
TGO,2024,,,,,1.498213753,
THA,2000,11.120158649666665,,,,8.528303124,1.71153057
THA,2001,11.094566692999999,,,,8.528303124,1.66487634
THA,2002,11.33292898,,,,8.842887934,2.07636881
THA,2003,10.990823452333336,,,,9.002082756,2.04556918
THA,2004,10.370205161333333,,,,9.223039169,2.01255655
THA,2005,8.898571803000001,,,,9.303813267,2.013062
THA,2006,8.843126401666666,,,,9.28658555,2.2303164
THA,2007,8.842200071333332,,,,8.608802044,2.41405702
THA,2008,8.58983607,,,,7.936121918,2.60726309
THA,2009,8.277279572333333,,,,7.372630754,2.64681911
THA,2010,8.243721766666667,,,,7.532156613,2.50096011
THA,2011,8.412420478666666,,,4.0,7.833292138,2.72706866
THA,2012,8.533643573,,,,8.037715648,2.68024039
THA,2013,8.684886723666667,,,,8.119230295,2.62275028
THA,2014,9.496131779666667,,,,8.055437791,2.78856063
THA,2015,10.049825473,,,,8.117774968,2.74870157
THA,2016,10.783707991,0.72097,0.15148,,8.236860349,2.85139871
THA,2017,11.059902565000002,,,,7.906739093,2.7754643
THA,2018,11.581100405666668,,,,7.809762539,2.74278641
THA,2019,12.311895589333332,,,,7.599932504,2.71524906
THA,2020,14.314695406,,,,7.654927316,3.06593847
THA,2021,15.441055820666667,,,,7.624753452,3.62646127
THA,2022,,,,,7.661364726,3.8927443
THA,2023,,,,,7.902372933,3.5342176
THA,2024,,,,,7.902372933,
TJK,2000,5.150337464333333,,,,0.955056207,0.88544548
TJK,2001,4.790484268666667,,,,0.955056207,0.8757962
TJK,2002,4.571109599,,,,0.92837354,0.80717486
TJK,2003,4.310310821666667,,,,0.915213957,0.76923078
TJK,2004,4.251810227666667,,,,0.884829547,0.89477104
TJK,2005,4.247724941333334,,,,0.870597898,0.98875159
TJK,2006,4.169463839,,,,0.848897767,0.93615186
TJK,2007,4.1439415403333335,,,,0.798655598,1.07746482
TJK,2008,4.053770933666667,,,,0.757183031,1.36975408
TJK,2009,3.992306697,,,,0.717483066,1.08422637
TJK,2010,3.8878969370000003,,,,0.713783255,1.18032789
TJK,2011,3.8355744076666665,,,1.22,0.722681861,1.30533111
TJK,2012,3.8036277139999997,,,,0.749209029,1.60808611
TJK,2013,3.7179643746666664,,,,0.802720874,1.90030849
TJK,2014,3.6948841653333333,,,,0.853460632,2.07762313
TJK,2015,3.630300299,,,,0.889120913,2.04495692
TJK,2016,3.562153524333333,1.39203,0.12868,,0.897915912,1.98977911
TJK,2017,3.4157540146666663,,,,0.874198135,1.98792565
TJK,2018,3.356196165,,,,0.849933339,1.89692557
TJK,2019,3.273830949666666,,,,0.80319594,1.89777529
TJK,2020,2.8726260606666667,,,,0.756487744,2.1510756
TJK,2021,3.105068053,,,,0.719803473,1.94076729
TJK,2022,,,,,0.708389059,1.78677893
TJK,2023,,,,,0.682597379,1.90488744
TJK,2024,,,,,0.682597379,
TKM,2000,12.156521524,,,,1.938556362,1.88017917
TKM,2001,12.093084495666666,,,,1.938556362,1.64814663
TKM,2002,12.357169025333334,,,,1.994576974,1.42210734
TKM,2003,11.904945231666666,,,,2.055779899,1.58412921
TKM,2004,12.340338491666666,,,,2.122740689,1.41623425
TKM,2005,12.900326844,,,,2.139729376,1.18179929
TKM,2006,12.721320087999999,,,,2.089994678,0.90367627
TKM,2007,11.496066834666665,,,,1.991983659,0.81136948
TKM,2008,10.350016907,,,,1.881069665,0.55347836
TKM,2009,8.697164677000002,,,,1.878311249,0.68261433
TKM,2010,8.174677324,,,,1.909673209,0.77174926
TKM,2011,8.039525639333334,,,,1.993513518,0.83719772
TKM,2012,7.897043245333333,,,,2.086358622,0.89324039
TKM,2013,7.91204083,,,,2.161600681,1.1326803
TKM,2014,8.112306736333332,,,,2.192247706,1.14786649
TKM,2015,8.260863994333334,,,,2.154828751,1.20134497
TKM,2016,8.029642072,,,,2.104667558,1.038046
TKM,2017,7.864492567,,,,2.00743231,1.27922606
TKM,2018,7.765893668333334,,,,1.894650202,0.98964322
TKM,2019,7.710644634,,,,1.721512922,1.00793219
TKM,2020,7.423822479999999,,,,1.63109498,1.0236249
TKM,2021,7.706578868333334,,,,1.562026126,0.94310212
TKM,2022,,,,,1.563065446,0.79879308
TKM,2023,,,,,1.522204478,0.94220257
TKM,2024,,,,,1.522204478,
TLS,2000,4.416843413666666,,,,0.273194215,
TLS,2001,4.336067996666666,,,,0.273194215,
TLS,2002,3.8099301056666666,,,,0.254625724,
TLS,2003,4.166000993,,,,0.243169042,1.30327332
TLS,2004,4.043590236333333,,,,0.237023682,1.67137599
TLS,2005,4.0883037149999994,,,,0.163851113,2.12407804
TLS,2006,3.9692501190000002,,,,0.091560837,2.39656949
TLS,2007,4.142679204333334,,,,0.027375346,0.96646351
TLS,2008,4.159750285,,,,0.039787868,3.39832354
TLS,2009,5.028467161666667,,,,0.082557167,3.24565578
TLS,2010,4.852203526333334,,,,0.15374893,3.28824806
TLS,2011,4.842767373,,,,0.243458821,3.56822348
TLS,2012,4.55096577,,,,0.300466358,4.14897776
TLS,2013,4.518111540666667,,,,0.317350841,4.44555855
TLS,2014,4.5726600023333335,,,,0.310401652,4.12430954
TLS,2015,4.314683395333334,,,,0.30400231,4.41761017
TLS,2016,4.405944887666666,0.08058,0.08058,,0.311147995,3.44634151
TLS,2017,4.200906596,,,,0.254968702,4.49020767
TLS,2018,4.293854864666667,,,,0.167508102,3.95292592
TLS,2019,4.451392848666667,,,,0.071460987,2.87948847
TLS,2020,3.7243629069999997,,,,0.037724241,4.01566982
TLS,2021,4.158866997666666,,,,0.097943291,3.12096453
TLS,2022,,,,,0.149967615,5.357265
TLS,2023,,,,,0.20221615,7.4576478
TLS,2024,,,,,0.20221615,
TON,2000,6.010595225,,,,0.565526845,2.30323911
TON,2001,5.9237852460000004,,,,0.565526845,2.44649458
TON,2002,5.795448584333333,,,,0.554650536,2.59221506
TON,2003,5.783168812333333,,,,0.54518169,2.4231987
TON,2004,5.7471416333333325,,,,0.538626695,2.45591736
TON,2005,5.616934177,,,,0.467193393,2.61161542
TON,2006,5.527484853333334,,,,0.396248465,2.85051656
TON,2007,5.651632556666667,,,,0.453730046,3.18001747
TON,2008,5.244422952666667,,,,0.51297514,2.89580131
TON,2009,5.496816683666666,,,,0.636134179,3.04270864
TON,2010,5.914107747999999,,,,0.554581349,2.85781646
TON,2011,5.816992184666667,,,,0.37928993,2.74445701
TON,2012,5.733748946666666,,,,0.142189709,2.7870214
TON,2013,5.735773325333334,,,,0.063358463,2.77536654
TON,2014,5.815311388666667,,,,0.116274371,2.8828485
TON,2015,5.792618272666666,,,,0.169289604,2.76189899
TON,2016,5.108005938000001,2.8205,0.94017,,0.206378659,2.98697019
TON,2017,5.488658738000001,,,,0.203495345,2.90944481
TON,2018,5.478451731,,,,0.200208599,3.19946599
TON,2019,5.401094304,,,,0.19671405,2.99766731
TON,2020,5.392032265,,,,0.19617273,2.98630214
TON,2021,5.490697035,,,,0.196174279,3.28024626
TON,2022,,,,,0.196673703,3.8381629
TON,2023,,,,,0.197175577,3.40475059
TON,2024,,,,,0.197175577,
TTO,2000,16.150726032333335,,,,4.604695104,1.56699646
TTO,2001,15.429609663,,,,4.604695104,1.74266553
TTO,2002,14.482716259666665,,,,4.799865268,1.96599579
TTO,2003,12.818001953666666,,,,5.069223554,1.90437138
TTO,2004,13.02023657,,,,5.254790887,1.85756683
TTO,2005,11.431254511333334,,,,5.449601715,2.14629865
TTO,2006,10.841462201333334,,,,5.580330571,1.86406863
TTO,2007,10.857343084333335,,,,5.628642133,1.91819596
TTO,2008,12.365981128000001,,,,5.569675195,1.74781442
TTO,2009,11.154398687666665,,,,5.502827844,2.61162758
TTO,2010,11.165570742666667,,,,5.442363352,2.44673586
TTO,2011,10.574293237666666,,,,5.440128759,2.35490894
TTO,2012,9.49808189,,,,5.413636512,2.25893903
TTO,2013,10.808753522333333,,,,5.433638258,2.47376657
TTO,2014,10.838193655,,,,5.405147679,2.4501431
TTO,2015,10.892363382,,,,5.307760041,2.90972495
TTO,2016,11.945159701,,,,5.172816015,3.24490404
TTO,2017,12.282442003999998,,,,5.074113308,3.43325257
TTO,2018,12.307338160666667,,,,5.085357722,3.22142673
TTO,2019,12.320743294000001,,,,5.069222842,3.17576575
TTO,2020,12.512036676000001,,,,5.020506585,3.44541454
TTO,2021,11.796373385,,,,5.003131272,3.36165905
TTO,2022,,,,,5.051302932,3.02066517
TTO,2023,,,,,4.977482275,3.64105821
TTO,2024,,,,,4.977482275,
TUN,2000,3.183871356333333,,,,1.583169971,2.53482223
TUN,2001,3.1757075206666663,,,,1.583169971,2.53689337
TUN,2002,3.160134075,,,,1.567304281,2.65054178
TUN,2003,3.0827131763333333,,,,1.593386619,2.67794108
TUN,2004,3.126370406666666,,,,1.625201241,2.65803766
TUN,2005,3.0792383626666666,,,,1.662956011,2.61502051
TUN,2006,3.0145377693333337,,,,1.70998077,2.68162847
TUN,2007,2.9403412949999996,,,,1.734060397,2.76273274
TUN,2008,2.848232558,,,,1.759449088,2.80299711
TUN,2009,2.910220761333333,,,,1.735755705,2.97510505
TUN,2010,3.0051353636666662,,,,1.721127365,3.12751889
TUN,2011,2.6872551013333332,,,4.95,1.696203669,3.45419288
TUN,2012,2.573533932333333,,,,1.702982663,3.58298373
TUN,2013,2.5786456133333333,,,,1.751563738,3.8491714
TUN,2014,2.528800399666667,,,,1.847019198,3.7496531
TUN,2015,2.5785434276666668,,,,1.914574851,3.34255123
TUN,2016,2.5228720580000004,,,,1.948089768,3.40580177
TUN,2017,2.635915163,,,,1.924045218,3.32102466
TUN,2018,2.6758403803333333,,,,1.926136306,3.09321761
TUN,2019,2.5892423696666667,,,,1.820465267,3.56713367
TUN,2020,1.8572472026666667,,,,1.723629428,4.31212521
TUN,2021,1.8527301546666666,,,,1.651227669,4.1127286
TUN,2022,,,,,1.678501798,3.9555614
TUN,2023,,,,,1.70137821,4.3189435
TUN,2024,,,,,1.70137821,
TUR,2000,3.038336984666667,,,,2.287724428,2.83683038
TUR,2001,2.799745984333333,,,,2.287724428,3.28714538
TUR,2002,2.688817223333333,,,,2.247577688,3.54229712
TUR,2003,2.8116359319999997,,,,2.207900955,3.57052255
TUR,2004,2.8573839336666667,,,,2.130161548,3.52044296
TUR,2005,2.897610042666667,,,,2.071860632,3.31541967
TUR,2006,2.948018855666666,,,,2.020146188,3.54304099
TUR,2007,2.8993651466666663,,,,2.063533473,3.60262251
TUR,2008,2.9226256129999997,,,,2.112576029,3.79284501
TUR,2009,3.0866925393333333,,,,2.190714587,4.42291498
TUR,2010,3.0934746323333333,,,,2.221120127,3.91593647
TUR,2011,3.087014221666667,,,,2.24600018,3.68182659
TUR,2012,3.1505470139999994,,,,2.190538647,3.51873088
TUR,2013,3.0471731786666667,,,,2.13336135,3.42470455
TUR,2014,3.1664455196666665,,,,2.035493445,3.35657501
TUR,2015,3.1280782659999997,,,,1.960854022,3.21666884
TUR,2016,3.268124792333333,1.63661,0.45483,,1.896591149,3.36101246
TUR,2017,3.269968052333333,,,,1.889500078,3.24810481
TUR,2018,3.2880990643333328,,,,1.856872043,3.18893552
TUR,2019,3.438302733333334,,,,1.81808936,3.38672566
TUR,2020,2.90200656,,,,1.843917175,3.63981962
TUR,2021,2.596081250333333,,,,1.969301908,3.59388018
TUR,2022,,,,,2.120315154,2.78341818
TUR,2023,,,,,2.21565218,3.24591351
TUR,2024,,,,,2.21565218,
TUV,2000,,,,,0.0,22.25426292
TUV,2001,,,,,0.0,17.00361061
TUV,2002,,,,,0.0,10.99277782
TUV,2003,,,,,0.0,12.44285393
TUV,2004,,,,,0.0,8.85552597
TUV,2005,,,,,0.0,9.6455574
TUV,2006,,,,,0.0,9.88550949
TUV,2007,,,,,0.0,9.44745445
TUV,2008,,,,,0.0,9.33237934
TUV,2009,,,,,0.0,10.03053665
TUV,2010,,,,,0.0,13.19273663
TUV,2011,,,,,0.77376118,11.89357758
TUV,2012,,,,,1.540876493,11.83783531
TUV,2013,,,,,2.305519508,9.88884354
TUV,2014,,,,,2.294766481,12.08134651
TUV,2015,,,,,2.290270916,10.14206505
TUV,2016,,,,,1.5256279,15.31349277
TUV,2017,,,,,0.762619747,19.17265701
TUV,2018,,,,,0.0,15.51837921
TUV,2019,,,,,0.0,17.16871262
TUV,2020,,,,,0.0,14.97134399
TUV,2021,,,,,0.0,9.89659023
TUV,2022,,,,,0.0,16.46469879
TUV,2023,,,,,0.0,19.72272301
TUV,2024,,,,,0.0,
TZA,2000,10.091952162666667,,,,0.502263458,0.74586421
TZA,2001,9.828215200666667,,,,0.502263458,1.08908296
TZA,2002,9.464863794333334,,,,0.498668799,1.33213437
TZA,2003,9.254992150333333,,,,0.504931514,1.49158525
TZA,2004,8.894875663,,,,0.682318899,1.96674848
TZA,2005,8.869750166666668,,,,0.876832848,2.31116962
TZA,2006,8.802428018333332,,,,1.102179048,2.37998843
TZA,2007,8.666109855666667,,,,1.174981861,1.94105673
TZA,2008,8.559289906333333,,,,1.213272234,2.25783944
TZA,2009,8.440301913333334,,,,1.221331208,1.48484647
TZA,2010,8.325373697000002,,,,1.250186369,1.4499774
TZA,2011,8.089097924333332,,,2.4,1.323621586,1.28681624
TZA,2012,7.805430575,,,,1.405933999,1.17573333
TZA,2013,7.698703796,,,,1.455819367,1.18517053
TZA,2014,7.557540367333334,,,,1.473123769,1.19945395
TZA,2015,7.5926726140000005,0.05568,0.00928,,1.494453325,1.25726104
TZA,2016,7.594452800666667,,,,1.466794982,1.61013722
TZA,2017,7.203199718333334,,,,1.428450769,1.55679071
TZA,2018,7.7107694066666665,,,,1.368369467,1.62666011
TZA,2019,8.102333796,,,,1.365895701,1.6312809
TZA,2020,8.145705586,,,,1.378166987,0.86159378
TZA,2021,9.391047316,,,,1.403643361,0.94497848
TZA,2022,,,,,1.445352535,0.98185784
TZA,2023,,,,,1.494718472,0.96664101
TZA,2024,,,,,1.494718472,
UGA,2000,14.879708445666665,,,,7.062748786,1.26869214
UGA,2001,15.603165854333334,,,,7.062748786,1.35010099
UGA,2002,15.526500814333334,,,,6.913382527,1.46629059
UGA,2003,15.367494802333335,,,,6.751517544,1.47303784
UGA,2004,15.06070587,,,,6.820643377,1.36708832
UGA,2005,14.407302631666667,,,,6.957886964,1.03255773
UGA,2006,13.760414512333334,,,,7.118965706,0.98067528
UGA,2007,12.962345999666667,,,,6.486268718,1.03115988
UGA,2008,12.697397637,,,,5.800545597,0.93871653
UGA,2009,12.276460199666666,,,,5.246111371,0.82681918
UGA,2010,12.139522791333334,,,,5.407038297,1.09722447
UGA,2011,12.302646819000001,,,,5.454835058,0.90863341
UGA,2012,11.827310627333333,,,,5.268978573,0.9248504
UGA,2013,11.545516254,,,,4.754503087,0.97432142
UGA,2014,10.989696966333334,,,,4.459073019,0.95077145
UGA,2015,10.472799345333334,,,,4.026138372,0.75713688
UGA,2016,10.329228068666668,0.0822,0.03238,,3.775561849,0.78636652
UGA,2017,10.059055076999998,,,,3.633421146,0.63865817
UGA,2018,10.529256332000001,,,,3.573904054,0.67459893
UGA,2019,11.227667068999999,,,,3.654653486,0.57344079
UGA,2020,11.100266992333333,,,,3.742044659,1.19107807
UGA,2021,12.257637406333336,,,,4.034168806,1.14727044
UGA,2022,,,,,4.120165152,0.98358905
UGA,2023,,,,,4.032898702,0.92339057
UGA,2024,,,,,4.032898702,
UKR,2000,32.254970015000005,,,,8.206024874,2.51132536
UKR,2001,29.621719298666665,,,,8.206024874,2.80008173
UKR,2002,28.767868154000002,,,,7.894843279,3.07087588
UKR,2003,27.455955784666667,,,,7.374944181,3.64921927
UKR,2004,26.074223361333335,,,,7.13476722,3.40481019
UKR,2005,26.768694967333335,,,,7.199721172,3.72637868
UKR,2006,24.857149579333335,,,,7.51266945,3.8776598
UKR,2007,25.23222946333333,,,,8.140697649,3.56262231
UKR,2008,24.579951691,,,,8.571254932,3.1923337
UKR,2009,22.450619515,,,,8.522517668,3.85025716
UKR,2010,21.308672188333333,,,,8.39350801,3.68650508
UKR,2011,20.518416625,,,,8.306586574,3.42423868
UKR,2012,20.815189864999997,,,,8.709714699,3.74169087
UKR,2013,20.634009181,,,,8.475521116,3.3410418
UKR,2014,22.049596609,,,,7.830468785,3.45616627
UKR,2015,19.17044023633333,,,,7.061165193,3.68844223
UKR,2016,18.190317850333333,6.9305,0.0515,,6.270692077,3.64566922
UKR,2017,18.533955483333333,,,,6.064372572,3.51985121
UKR,2018,19.978198042,,,,6.006610164,3.50151348
UKR,2019,19.692019915333333,,,,6.361215858,3.17738771
UKR,2020,18.431026076333335,,,,5.788443437,3.72709227
UKR,2021,17.514385899,,,,4.776455154,4.27551651
UKR,2022,,,,,3.933253529,
UKR,2023,,,,,3.877204212,
UKR,2024,,,,,3.877204212,
URY,2000,15.286879125666667,,,,7.589548842,3.81055403
URY,2001,13.804260944333334,,,,7.589548842,4.38128328
URY,2002,18.747952791,,,,6.996300481,4.62101603
URY,2003,14.822186899666667,,,,6.634726348,5.01494408
URY,2004,14.482746526666666,,,,6.659248054,4.32407045
URY,2005,13.819268201666667,,,,7.000824737,3.48937511
URY,2006,14.338681205,,,,7.216691343,3.67667699
URY,2007,16.342147135333335,,,,7.330521245,3.62133288
URY,2008,13.978070870333333,,,,7.325102825,4.55632162
URY,2009,13.892695483666666,,,,7.172174452,4.6968317
URY,2010,14.733150294666666,,,,7.023758944,4.72670984
URY,2011,15.473102672666665,,,,6.858310185,4.86718798
URY,2012,16.605033126333336,,,,6.835090414,5.15904379
URY,2013,14.562707408666666,,,,6.861133898,5.37133551
URY,2014,16.283391429,,,,6.906206569,5.47611523
URY,2015,17.124513280666665,,,,6.777752186,5.64815187
URY,2016,19.248641874333334,14.13355,0.69939,,6.613468007,6.00605679
URY,2017,19.111840492666666,,,,6.465790471,6.0405345
URY,2018,21.063427645,,,,6.407629431,6.15175676
URY,2019,21.356766336666666,,,,6.379127102,6.1543541
URY,2020,20.92168081033333,,,,6.395260744,6.50547266
URY,2021,22.313811004,,,,6.363350122,6.54937553
URY,2022,,,,,6.140362989,6.28247643
URY,2023,,,,,5.840276261,6.52589464
URY,2024,,,,,5.840276261,
USA,2000,10.151725916666665,,,,8.996690042,5.54275799
USA,2001,10.471779688333333,,,,8.996690042,5.96832943
USA,2002,10.705303495333334,,,,9.029799235,6.32602119
USA,2003,10.58877661,,,,9.089618843,6.52382708
USA,2004,10.758800079666665,,,,9.13632122,6.60953903
USA,2005,10.611856725,,,,9.193194679,6.63018513
USA,2006,10.721955264333333,,,,9.266554446,6.81126356
USA,2007,11.015331945666667,,,,9.320736858,6.91318035
USA,2008,11.294862793666667,,,,9.319064502,7.22217178
USA,2009,11.431870809333333,,,,9.247710352,7.87214708
USA,2010,11.764235482666665,,,,9.21047802,7.93023777
USA,2011,11.991227690999999,,,,9.249675239,7.93057156
USA,2012,12.162306921999999,,,,9.308606501,7.87408161
USA,2013,12.149576181999999,,,,9.322989618,7.89930439
USA,2014,12.490361196666667,,,,9.283579483,8.19843483
USA,2015,12.816670670666667,,,,9.290609102,8.43071175
USA,2016,13.054909053000001,10.54202,0.34914,,9.294791902,8.55800343
USA,2017,13.632375531,,,,9.30664208,8.53016281
USA,2018,13.770040660333331,,,,9.299936496,8.5214138
USA,2019,13.465086443333334,,,,9.399857226,8.59688473
USA,2020,13.503039802333333,,,,9.603500195,10.54044342
USA,2021,14.159173071333333,,,,9.756098146,9.62210751
USA,2022,,,,,9.774181733,9.11976719
USA,2023,,,,,9.556836282,9.00711727
USA,2024,,,,,9.556836282,
UZB,2000,17.885647835333334,,,,1.41619616,2.00684047
UZB,2001,17.242986168333335,,,,1.41619616,2.03427196
UZB,2002,16.974351196333334,,,,1.472127709,1.93376124
UZB,2003,15.860646107,,,,1.530016811,1.89574766
UZB,2004,14.991688988,,,,1.598405369,1.80486059
UZB,2005,15.387770376666666,,,,1.682673311,1.81541967
UZB,2006,14.020018215333332,,,,1.782821562,1.9279021
UZB,2007,13.316241364999998,,,,1.783608588,1.79759741
UZB,2008,12.764138935333333,,,,1.801022751,1.91604054
UZB,2009,12.116925517333334,,,,1.772513797,1.9971329
UZB,2010,11.747564127666665,,,,1.811415202,2.12282252
UZB,2011,11.522173308,,,2.32,1.872437841,2.08887649
UZB,2012,11.839523387999998,,,,1.940853024,2.33609509
UZB,2013,11.733165849666667,,,,2.207652533,2.40117002
UZB,2014,11.997035435,,,,2.432662526,2.31306577
UZB,2015,12.594919473333334,,,,2.593558079,2.35756874
UZB,2016,12.706663143666667,2.6117,0.01291,,2.696325513,2.05541873
UZB,2017,12.146828386666668,,,,2.637777719,1.7881006
UZB,2018,11.230892513999999,,,,2.65098467,1.73769212
UZB,2019,10.739937791333332,,,,2.867620814,2.01079655
UZB,2020,9.377007138333333,,,,2.736241738,2.80912924
UZB,2021,9.117373221000001,,,,2.52501879,2.71542764
UZB,2022,,,,,2.064903016,2.23423076
UZB,2023,,,,,2.093690484,2.38440657
UZB,2024,,,,,2.093690484,
VCT,2000,6.499204071333334,,,,4.663027521,2.78348827
VCT,2001,5.799193457333334,,,,4.663027521,2.74391198
VCT,2002,6.759304802666667,,,,4.754576445,2.79881167
VCT,2003,6.2307782566666665,,,,4.991272235,2.63181949
VCT,2004,5.676363362,,,,5.3657858,2.47157788
VCT,2005,9.778811476,,,,5.610857242,2.40620852
VCT,2006,6.100930153666667,,,,5.705112253,2.17451024
VCT,2007,8.078223901333333,,,,5.945278828,2.135355
VCT,2008,4.2435092726666666,,,,6.214458411,2.31205726
VCT,2009,2.6401293196666664,,,,6.59795527,2.5003233
VCT,2010,3.003109069,,,,6.667811273,2.54869199
VCT,2011,5.510115830666667,,,5.6,6.745366666,2.39791298
VCT,2012,5.438474534666667,,,,6.783473595,2.77147985
VCT,2013,3.7686116226666666,,,,6.863794222,2.6729424
VCT,2014,1.2290566719999998,,,,7.119121435,2.53159404
VCT,2015,2.6152714856666663,,,,7.502772702,2.52658701
VCT,2016,0.538005035,,,,7.953401165,2.58707666
VCT,2017,0.0,,,,8.259220978,2.69260287
VCT,2018,0.0,,,,8.474040962,2.79988337
VCT,2019,0.225636372,,,,8.20429534,2.87263203
VCT,2020,0.21952689166666664,,,,8.043433322,3.2781105
VCT,2021,0.28078162733333334,,,,8.002982148,3.56595063
VCT,2022,,,,,8.321670095,3.1851058
VCT,2023,,,,,8.443849203,3.06539917
VCT,2024,,,,,8.443849203,
VEN,2000,7.471216141,,,,8.295813511,
VEN,2001,7.645649393666666,,,,8.295813511,
VEN,2002,7.231965295999999,,,,7.744339752,
VEN,2003,7.509729064666666,,,,7.590751721,
VEN,2004,6.932975607333334,,,,7.917199798,
VEN,2005,6.503689919333333,,,,8.544995956,
VEN,2006,6.401232429,,,,8.92349586,
VEN,2007,6.277285207000001,,,,9.027438079,
VEN,2008,6.358534339666666,,,,8.832663917,
VEN,2009,6.322224075333334,,,,8.370973169,
VEN,2010,6.408571662,,,,7.904551527,
VEN,2011,6.594452104333333,,,,7.616712657,
VEN,2012,6.500020888999999,,,,7.45239562,
VEN,2013,6.161164213666667,,,,7.370144827,
VEN,2014,5.941283896333334,,,,7.160964568,
VEN,2015,6.372671074,,,,6.211908421,
VEN,2016,10.629373979333332,,,,5.06874844,
VEN,2017,8.292317938666667,,,,3.824362002,
VEN,2018,7.749145526333333,,,,3.142778019,1.24563158
VEN,2019,7.531623696333334,,,,2.597324366,0.81175309
VEN,2020,7.708777352999999,,,,2.406372416,1.53484893
VEN,2021,9.063802169666666,,,,2.428819605,1.37525356
VEN,2022,,,,,2.58025794,2.06510615
VEN,2023,,,,,2.611482689,1.19817746
VEN,2024,,,,,2.611482689,
VGB,2000,,,,,16.706523944,
VGB,2001,,,,,16.706523944,
VGB,2002,,,,,16.563131068,
VGB,2003,,,,,16.960177396,
VGB,2004,,,,,17.080263457,
VGB,2005,,,,,16.891570425,
VGB,2006,,,,,16.71026795,
VGB,2007,,,,,16.709509252,
VGB,2008,,,,,16.767568592,
VGB,2009,,,,,17.054138172,
VGB,2010,,,,,17.022424504,
VGB,2011,,,,,16.887991463,
VGB,2012,,,,,16.406042234,
VGB,2013,,,,,15.965695478,
VGB,2014,,,,,15.589452658,
VGB,2015,,,,,15.470984025,
VGB,2016,,,,,16.266268264,
VGB,2017,,,,,16.879453943,
VGB,2018,,,,,16.532437866,
VGB,2019,,,,,14.226441334,
VGB,2020,,,,,12.350156886,
VGB,2021,,,,,11.499170235,
VGB,2022,,,,,11.102671123,
VGB,2023,,,,,10.688104202,
VGB,2024,,,,,10.688104202,
VIR,2000,,,,,19.158192279,
VIR,2001,,,,,19.158192279,
VIR,2002,,,,,19.255395803,
VIR,2003,,,,,19.364874156,
VIR,2004,,,,,19.537656835,
VIR,2005,,,,,19.75880584,
VIR,2006,,,,,20.090065899,
VIR,2007,,,,,20.399128841,
VIR,2008,,,,,20.42741059,
VIR,2009,,,,,20.33086227,
VIR,2010,,,,,20.369207294,
VIR,2011,,,,,20.545895851,
VIR,2012,,,,,20.517709139,
VIR,2013,,,,,20.404687157,
VIR,2014,,,,,20.175490076,
VIR,2015,,,,,20.289009025,
VIR,2016,,,,,20.7226609,
VIR,2017,,,,,21.859088625,
VIR,2018,,,,,22.633687483,
VIR,2019,,,,,21.85913591,
VIR,2020,,,,,20.642080525,
VIR,2021,,,,,19.902684015,
VIR,2022,,,,,19.84928492,
VIR,2023,,,,,20.102733233,
VIR,2024,,,,,20.102733233,
VNM,2000,7.079054646666667,,,,4.128049259,1.68673158
VNM,2001,7.071264688333334,,,,4.128049259,1.57415044
VNM,2002,7.065577365666667,,,,4.421104707,1.7021997
VNM,2003,7.012804474,,,,4.951714329,1.58931124
VNM,2004,7.060958779,,,,5.488201522,1.68924272
VNM,2005,7.087330522999999,,,,6.056333054,1.78806961
VNM,2006,7.113994918666667,,,,6.522754395,1.80019891
VNM,2007,7.261702753333334,,,,7.134189744,1.76966417
VNM,2008,7.418543223333334,,,,7.73510524,1.73616052
VNM,2009,7.524359451333333,,,,8.425088369,1.71152484
VNM,2010,7.647637775,,,,9.055517027,2.04132986
VNM,2011,7.646117186999999,,,,9.575814308,1.93289721
VNM,2012,7.681990592999999,,,,9.904811342,2.2328434
VNM,2013,7.707342733666667,,,,10.081314188,1.99598992
VNM,2014,7.788713226333333,,,,10.329304449,2.07598686
VNM,2015,7.873816484,,,,10.637026663,2.05326915
VNM,2016,7.782655405333334,,0.0171,,10.988647415,2.1333859
VNM,2017,7.611435847333333,,,,11.136776968,2.17300439
VNM,2018,7.5593369489999995,,,,11.148507715,2.09256196
VNM,2019,7.557510468,,,,10.928696016,2.02046871
VNM,2020,6.826436384666667,,,,10.612344434,1.79064679
VNM,2021,7.178326854333334,,,,10.733400078,1.96029603
VNM,2022,,,,,10.668866499,1.97061062
VNM,2023,,,,,10.714457573,2.02070236
VNM,2024,,,,,10.714457573,
VUT,2000,20.591816223,,,,0.485189245,2.46942925
VUT,2001,20.374216452,,,,0.485189245,2.51605392
VUT,2002,20.139547494333332,,,,0.465979299,2.62352204
VUT,2003,19.964928296,,,,0.481691302,2.48979235
VUT,2004,19.621613738666667,,,,0.458930151,2.32455468
VUT,2005,19.338026691333333,,,,0.434748,2.14146662
VUT,2006,19.757166152333333,,,,0.413695499,2.14560485
VUT,2007,19.493652875333336,,,,0.393360857,2.22314644
VUT,2008,19.160483146333334,,,,0.46285896,2.27352452
VUT,2009,19.295143526,,,,0.534776023,2.00294042
VUT,2010,18.918694375333335,,,,0.603514608,1.94011939
VUT,2011,19.108359166,,,,0.575774697,2.36122203
VUT,2012,19.240033823333334,,,,0.535579171,2.29943132
VUT,2013,19.00435364466667,,,,1.04440929,2.24571776
VUT,2014,18.531190997333333,,,,1.05574482,0.58717012
VUT,2015,18.545676442333335,,,,1.602815252,2.01937246
VUT,2016,18.407333773,0.37792,0.75585,,1.61429081,1.28941309
VUT,2017,18.480352604333333,,,,2.128083952,1.47122371
VUT,2018,18.504056752999997,,,,2.101041343,2.14049673
VUT,2019,18.565034766666667,,,,1.6264154,1.90414143
VUT,2020,17.819997512666664,,,,1.134739806,2.57221556
VUT,2021,18.239049324,,,,1.104004902,1.23241973
VUT,2022,,,,,1.577016686,1.62112224
VUT,2023,,,,,2.093395881,2.33037138
VUT,2024,,,,,2.093395881,
WSM,2000,13.890268972000001,,,,4.023507288,3.58244371
WSM,2001,13.720870101666668,,,,4.023507288,3.11965823
WSM,2002,13.514501129000001,,,,4.002468148,3.41633463
WSM,2003,13.118031728666665,,,,3.992065537,2.81717443
WSM,2004,12.52317223,,,,3.975361292,3.02092052
WSM,2005,12.781120383333333,,,,3.954513784,3.17797899
WSM,2006,12.753169488333334,,,,3.870912606,3.44210529
WSM,2007,12.662336386666666,,,,4.010556544,3.27875233
WSM,2008,12.799804172666667,,,,3.892365996,3.46781611
WSM,2009,11.020320482666667,,,,3.800649565,3.98351336
WSM,2010,13.14510714,,,,3.474746053,3.8858633
WSM,2011,13.512852163,,,,3.394619436,3.66722965
WSM,2012,13.646124809999998,,,,3.335806473,3.91343451
WSM,2013,12.996878655666668,,,,3.213742058,4.02978992
WSM,2014,14.590308631666668,,,,3.038823422,4.87775707
WSM,2015,14.963054250666667,,,,2.892182332,4.20412493
WSM,2016,15.320064898666667,1.54832,0.51611,,2.930243026,3.81041527
WSM,2017,15.207537422666666,,,,3.027129155,3.92468739
WSM,2018,15.163754900666667,,,,3.045929964,3.69644928
WSM,2019,15.156956643666666,,,,2.999624501,4.32336426
WSM,2020,14.210746506333331,,,,2.884774368,4.44346046
WSM,2021,14.353768355,,,,2.896067273,5.08007908
WSM,2022,,,,,2.861349066,4.84845781
WSM,2023,,,,,2.940197016,4.69490862
WSM,2024,,,,,2.940197016,
YEM,2000,7.911162376666667,,,,0.034649481,2.37196207
YEM,2001,7.7826166783333335,,,,0.034649481,2.47797203
YEM,2002,7.605597243333334,,,,0.029750291,2.33098793
YEM,2003,7.293946945666666,,,,0.025687493,2.40408325
YEM,2004,6.997205857666667,,,,0.021138866,1.95299447
YEM,2005,6.9434873863333335,,,,0.020519236,1.65503561
YEM,2006,6.602206976666667,,,,0.019760768,1.62575805
YEM,2007,6.895798489666667,,,,0.019883524,1.56395018
YEM,2008,6.810052012666667,,,,0.018011914,1.60281074
YEM,2009,6.587187355,,,,0.010472942,1.30869162
YEM,2010,6.348834878333332,,,,0.004499688,1.16217077
YEM,2011,6.099409900666667,,,,0.0,1.09211838
YEM,2012,5.9522331490000004,,,,0.0,1.24131441
YEM,2013,5.855494084,,,,0.0,0.9796077
YEM,2014,5.814873517333333,,,,0.001069769,0.78348452
YEM,2015,5.645077828000001,,,,0.001069769,0.4330447
YEM,2016,5.786780139,0.20062,0.02601,,0.001069769,0.54064083
YEM,2017,5.666811232333334,,,,0.0,0.30786535
YEM,2018,5.529565253333334,,,,0.0,0.76913458
YEM,2019,5.314240209333334,,,,0.0,0.91137344
YEM,2020,4.9808944943333335,,,,0.0,0.85958266
YEM,2021,5.237961315333333,,,,0.0,0.70893025
YEM,2022,,,,,0.0,0.91847837
YEM,2023,,,,,0.0,0.81872302
YEM,2024,,,,,0.0,
ZAF,2000,16.122546980666666,,,,8.626166367,2.68480206
ZAF,2001,15.982477832999999,,,,8.626166367,2.40290713
ZAF,2002,17.297960003,,,,8.411791681,2.30570102
ZAF,2003,18.272200426,,,,8.300363042,2.79076648
ZAF,2004,18.375259047,,,,8.273483573,2.73156238
ZAF,2005,17.804014005333332,,,,8.327880445,2.74503064
ZAF,2006,18.258515787,,,,8.388208942,3.23011708
ZAF,2007,17.886967932333334,,,,8.415555452,3.30013156
ZAF,2008,18.57121561,,,,8.353775437,3.38493657
ZAF,2009,17.929508846666668,,,,8.235586996,3.80475187
ZAF,2010,20.777758193333334,,,,8.226538458,4.00033045
ZAF,2011,18.95501457,,,,8.315681088,4.12050819
ZAF,2012,19.725547226666666,,,,8.400630143,4.1403532
ZAF,2013,19.848181263,,,,8.415491929,4.14510202
ZAF,2014,20.872862951666665,,,,8.425273562,4.3735652
ZAF,2015,21.197575922333332,,,,8.391380511,4.59632444
ZAF,2016,19.923600758333333,1.52104,0.07234,,8.334241417,4.57297277
ZAF,2017,18.453270144,,,,8.323290164,4.56554031
ZAF,2018,19.125997075333334,,,,8.340817267,4.61023474
ZAF,2019,19.744419038,,,,7.804886614,4.80006361
ZAF,2020,20.567302588666667,,,,7.701636236,5.84510279
ZAF,2021,21.243801307000002,,,,7.798391616,5.49496222
ZAF,2022,,,,,8.451805722,5.38311863
ZAF,2023,,,,,8.634438583,5.48956871
ZAF,2024,,,,,8.634438583,
ZMB,2000,14.741886231,,,,0.516442536,1.47394264
ZMB,2001,14.538525305666667,,,,0.516442536,1.92502928
ZMB,2002,14.567088011666668,,,,0.521236409,1.89818621
ZMB,2003,13.621949844999998,,,,0.490960365,1.45376873
ZMB,2004,13.909846234333335,,,,0.465748221,1.31544065
ZMB,2005,13.591169148333334,,,,0.462577816,1.24335968
ZMB,2006,13.771506038333333,,,,0.535649961,1.32859325
ZMB,2007,13.428058312333334,,,,0.635426001,1.48783338
ZMB,2008,13.194085003,,,,0.729287387,1.58524466
ZMB,2009,12.835737793666667,,,,0.788450129,1.66772234
ZMB,2010,12.990126883333334,,,,0.887285236,1.55979979
ZMB,2011,12.824980744333333,,,,1.037532222,1.5735333
ZMB,2012,12.530348603333332,,,,1.213353305,1.54221773
ZMB,2013,11.970012879999999,,,,1.404433938,1.30987322
ZMB,2014,11.676143572,,,,1.530916772,1.89382219
ZMB,2015,11.603864193666666,,,,1.604044227,2.0905416
ZMB,2016,11.315938233666666,0.0559,0.06211,,1.645871448,1.71430743
ZMB,2017,11.290289582666666,,,,1.723120048,2.51039147
ZMB,2018,11.119895005333333,,,,1.833967802,2.08801126
ZMB,2019,11.524432278666666,,,,1.908079659,2.25830793
ZMB,2020,12.547562276666667,,,,2.038006829,3.59365153
ZMB,2021,13.814057362999998,,,,2.08841243,2.82306838
ZMB,2022,,,,,2.143689814,2.50694346
ZMB,2023,,,,,2.127246471,2.43413329
ZMB,2024,,,,,2.127246471,
ZWE,2000,18.846739088000003,,,,5.295920712,
ZWE,2001,19.90305828,,,,5.295920712,
ZWE,2002,21.04763647333333,,,,5.150394266,
ZWE,2003,21.775487003333335,,,,5.064911755,
ZWE,2004,22.000714516666665,,,,4.941937058,
ZWE,2005,21.628831963333337,,,,4.96287382,
ZWE,2006,21.301121833333333,,,,4.925993531,
ZWE,2007,20.78847413,,,,4.821923886,
ZWE,2008,21.39184078,,,,4.826002767,
ZWE,2009,19.999316163333333,,,,4.831515336,
ZWE,2010,21.995902153333333,,,,5.017542728,2.75333452
ZWE,2011,23.070796403333333,,,0.01,5.291648743,2.11964583
ZWE,2012,23.016301646666665,,,,5.555750485,1.99879277
ZWE,2013,23.370798376666666,,,,5.722603916,2.01809144
ZWE,2014,23.37473587,,,,5.693115904,2.73156238
ZWE,2015,24.028237746666665,,,,5.60219154,1.55136275
ZWE,2016,24.871472803333333,0.09507,0.02535,,5.40470406,1.37225389
ZWE,2017,24.596363686666667,,,,5.339585924,1.550982
ZWE,2018,25.704802846666666,,,,5.403579463,1.59526527
ZWE,2019,24.69553901,,,,5.196552176,0.46115172
ZWE,2020,24.61809876,,,,4.905932394,0.6526891
ZWE,2021,26.480702703333332,,,,4.761105576,0.87981081
ZWE,2022,,,,,5.089376068,1.01829815
ZWE,2023,,,,,5.418340371,0.94662845
ZWE,2024,,,,,5.418340371,
